Area,Lag,Common n,AIC,BIC,HQ
EA,1,251,-2.807,-1.290,-2.197
EA,2,251,-3.080,-1.057,-2.266
EA,3,251,-3.001,-0.472,-1.983
EA,4,251,-2.957,0.077,-1.736
EA,5,251,-2.858,0.681,-1.434
EA,6,251,-2.822,1.224,-1.194
EA,7,251,-2.803,1.748,-0.972
EA,8,251,-2.620,2.436,-0.586
EA,9,251,-2.551,3.012,-0.312
EA,10,251,-2.513,3.554,-0.072
EA,11,251,-2.485,4.088,0.160
EA,12,251,-2.416,4.663,0.433
TR,1,175,3.774,5.962,4.662
TR,2,175,2.029,4.886,3.188
TR,3,175,1.941,5.467,3.371
TR,4,175,1.967,6.163,3.669
TR,5,175,1.987,6.852,3.960
TR,6,175,1.971,7.504,4.215
TR,7,175,2.110,8.313,4.626
TR,8,175,2.209,9.081,4.996
TR,9,175,2.253,9.794,5.312
TR,10,175,2.398,10.608,5.728
TR,11,175,2.358,11.238,5.960
TR,12,175,2.317,11.866,6.190
