Sample,Transform,Test,Statistic,p value,Lag
2006-01:2026-07,level,ADF c,3.215,1.000,3
2006-01:2026-07,level,KPSS c,2.050,0.010,10
2006-01:2026-07,level,PP c,4.554,1.000,16
2006-01:2026-07,level,ZA ct,-4.033,0.481,3
2006-01:2026-07,first_difference,ADF c,-2.785,0.060,5
2006-01:2026-07,first_difference,KPSS c,1.496,0.010,8
2006-01:2026-07,first_difference,PP c,-8.996,0.000,16
2006-01:2026-07,first_difference,ZA ct,-9.373,0.001,2
2011-01:2026-07,log_level,ADF c,2.362,0.999,3
2011-01:2026-07,log_level,KPSS c,1.776,0.010,9
2011-01:2026-07,log_level,PP c,3.519,1.000,15
2011-01:2026-07,log_level,ZA ct,-3.548,0.788,1
2011-01:2026-07,first_difference,ADF c,-4.023,0.001,2
2011-01:2026-07,first_difference,KPSS c,1.216,0.010,8
2011-01:2026-07,first_difference,PP c,-7.700,0.000,15
2011-01:2026-07,first_difference,ZA ct,-10.245,0.001,0
