model,method,horizon,variable,estimate,lo90,lo68,hi68,hi90,min,max
EA_baseline,recursive,0,activity,0.0,0.0,0.0,0.0,0.0,,
EA_baseline,recursive,0,price,0.0,0.0,0.0,0.0,0.0,,
EA_baseline,recursive,0,fx,3.42344578208322,1.735312349835324,2.323664894891828,4.403427140283475,5.054995826903122,,
EA_baseline,recursive,1,activity,-0.1336390038295212,-1.656813139578939,-1.000075299462441,0.8253093133232882,1.4742144430100252,,
EA_baseline,recursive,1,price,0.2740846876453208,0.0834740892063164,0.1578539170174566,0.3887809928137771,0.4488912763294699,,
EA_baseline,recursive,1,fx,4.92138178612543,1.9997789855145336,3.1770501400463886,6.32110109134862,7.395579720973191,,
EA_baseline,recursive,2,activity,0.7087656817324091,-1.524087365056466,-0.530272530480662,2.1417617504504767,3.102138978703247,,
EA_baseline,recursive,2,price,0.2223318984755957,-0.0758720446615132,0.0215260095860278,0.3841940960745104,0.5189095641501686,,
EA_baseline,recursive,2,fx,4.000453275408002,0.2748553231161229,1.7782636906711384,5.546112003505451,6.913955041121994,,
EA_baseline,recursive,3,activity,1.7529945266723683,-0.7083960121396321,0.3691027677681134,3.3132368803581165,4.361442055924612,,
EA_baseline,recursive,3,price,-0.0192782566339695,-0.4199092334949311,-0.2940091463551431,0.1961558256071368,0.3677311757541965,,
EA_baseline,recursive,3,fx,4.688342834633742,0.6417591209300049,2.0464788571428385,6.493690445463385,7.955821905830079,,
EA_baseline,recursive,4,activity,3.1722198193114335,0.212311068697794,1.607516120001778,4.699132491183418,5.695183780182125,,
EA_baseline,recursive,4,price,-0.0433232070261162,-0.5675383982977402,-0.3848658542964721,0.2301166128568304,0.392016104673812,,
EA_baseline,recursive,4,fx,4.020993768979788,-0.3732715102396058,1.0890485991260692,5.994181303061197,7.838688389918755,,
EA_baseline,recursive,5,activity,3.458449892987305,0.5423531719056601,1.7087473684286352,4.8743552732241,5.933905587224606,,
EA_baseline,recursive,5,price,0.138428629744539,-0.4776483574242347,-0.2689871112967199,0.4458164545838285,0.6998125639529087,,
EA_baseline,recursive,5,fx,2.82917912367717,-1.7213007451965818,-0.3225857239797927,4.921458015326097,6.666475364561897,,
EA_baseline,recursive,6,activity,2.067311394943655,-1.0486371015810394,0.1670198550168669,3.71255021582678,4.994668007361101,,
EA_baseline,recursive,6,price,0.0429839333106296,-0.6957668724607491,-0.4192808162498225,0.3803024531436965,0.6991581340795803,,
EA_baseline,recursive,6,fx,3.0155797371482795,-1.70903381668517,-0.1831707779798486,5.4620684609671875,7.116050412603165,,
EA_baseline,recursive,7,activity,0.5393227146604909,-2.5926330034136686,-1.3128476279507737,2.164620054687237,3.2813979851485797,,
EA_baseline,recursive,7,price,0.0901384202079857,-0.7306273988054194,-0.4337912548693609,0.4644213575589521,0.7878926493582743,,
EA_baseline,recursive,7,fx,2.842026457808938,-1.6862191378556155,-0.3866617097510572,5.179988245509077,7.000586222762984,,
EA_baseline,recursive,8,activity,0.7313579922200354,-1.9801442844532604,-1.0190628326543536,2.180085166504821,3.2402734819346146,,
EA_baseline,recursive,8,price,0.0840547874910862,-0.8474339879654366,-0.495940181113562,0.4657445224103139,0.8372993657288075,,
EA_baseline,recursive,8,fx,2.73020731102688,-1.6657028689962166,-0.1805036820173748,4.988032009484857,7.163293191728927,,
EA_baseline,recursive,9,activity,0.812443184433971,-1.7380906000977736,-0.8838376633352516,2.1235786894583533,3.2402977509170654,,
EA_baseline,recursive,9,price,0.1280609104758193,-0.8872149820549652,-0.5006403385770763,0.5391671788922752,0.9732785403970304,,
EA_baseline,recursive,9,fx,2.5577160653282633,-1.54650505910213,-0.2313190118879103,4.813818891648737,6.7877722563567895,,
EA_baseline,recursive,10,activity,0.743885623974224,-1.7938289982145037,-0.9581870977459956,1.9219997811402751,2.854936785201081,,
EA_baseline,recursive,10,price,0.1814488314841175,-0.916249244344087,-0.4884842129407839,0.6045760167770441,1.0022202366229178,,
EA_baseline,recursive,10,fx,3.036102966556343,-0.8814105561567073,0.3602413802980994,5.089706314228943,6.900084258232537,,
EA_baseline,recursive,11,activity,0.2886548680592617,-2.13255310440691,-1.3506269767590198,1.3585179433821786,2.32364335999118,,
EA_baseline,recursive,11,price,0.2533329907122354,-0.9277911232722884,-0.5044640755743016,0.6979333127489638,1.0964071444573886,,
EA_baseline,recursive,11,fx,3.090307297694913,-0.867462852195027,0.6331138556184217,5.0880030217241305,6.560518603451826,,
EA_baseline,recursive,12,activity,0.2460849017581204,-2.0936891587050774,-1.3306782206388306,1.145345019906806,2.0982282821051994,,
EA_baseline,recursive,12,price,0.2622665387051004,-1.0166574766431515,-0.552994065899784,0.7219068763221512,1.156551512881734,,
EA_baseline,recursive,12,fx,2.8922090952454216,-0.6326580134122103,0.6013238132311758,4.708936771581154,6.055335276908996,,
EA_baseline,recursive,13,activity,0.2554760954195202,-1.9895690120744425,-1.2415315061480214,1.1629239291104487,1.9641226733038504,,
EA_baseline,recursive,13,price,0.3050199808063896,-1.0551475821268927,-0.5511390600177208,0.7322792899154398,1.2245736532616591,,
EA_baseline,recursive,13,fx,2.792929494417859,-0.5273380513516648,0.7998048100942508,4.633303188748091,5.877621726810277,,
EA_baseline,recursive,14,activity,0.0166693477475203,-2.1880992377981943,-1.504802985704883,0.8700994655948011,1.7038751061686668,,
EA_baseline,recursive,14,price,0.3426667296749904,-1.1336979217222851,-0.579372471893961,0.751448500737467,1.2776899810070836,,
EA_baseline,recursive,14,fx,2.903871909257238,-0.3905582521559191,0.9925141974795822,4.77683599090254,5.84900260054261,,
EA_baseline,recursive,15,activity,-0.304556889581584,-2.5256739545103755,-1.827706594846084,0.5577299315068732,1.2581362317741287,,
EA_baseline,recursive,15,price,0.3673630469494844,-1.1711746352498156,-0.5987319714872328,0.7806748545982307,1.3355117094920228,,
EA_baseline,recursive,15,fx,2.810493702014158,-0.3269000046191258,0.9700216808876424,4.707272681157387,5.873432132423579,,
EA_baseline,recursive,16,activity,-0.4786022838253724,-2.764604633851215,-1.961054814905549,0.3045000878102721,1.0366805188434605,,
EA_baseline,recursive,16,price,0.3807902085740671,-1.2170737653873596,-0.637203755944957,0.8015446695937274,1.3541396860003077,,
EA_baseline,recursive,16,fx,2.7793411368899825,-0.2428755568288826,1.0173041708091497,4.487908702089652,5.845804245265051,,
EA_baseline,recursive,17,activity,-0.6195380811209447,-2.895658506127849,-2.0848190935424067,0.1919800533053799,0.9384751170303076,,
EA_baseline,recursive,17,price,0.4188077041379739,-1.248607558590959,-0.6736302049035647,0.8464109634267111,1.4078702773663545,,
EA_baseline,recursive,17,fx,2.621197521065579,-0.350136261605048,0.8579451774174754,4.385757116656909,5.701638948867988,,
EA_baseline,recursive,18,activity,-0.6963466777249899,-2.9461880745595335,-2.1679612267314767,0.2284173020872742,0.8741507376247625,,
EA_baseline,recursive,18,price,0.431331926703262,-1.301800426744801,-0.7392596528197453,0.8533338195061074,1.434415658184692,,
EA_baseline,recursive,18,fx,2.6139952755417446,-0.3701896786855971,0.8983607813833485,4.42932767242186,5.606861132367134,,
EA_baseline,recursive,19,activity,-0.8059901775471174,-3.1150832769963284,-2.188368406919243,0.1556721374787894,0.8204566200689707,,
EA_baseline,recursive,19,price,0.4503211012657593,-1.3172175655162672,-0.771881247503605,0.8802454443759592,1.4961531834811497,,
EA_baseline,recursive,19,fx,2.618821394796897,-0.3406454855632314,0.9706121665564372,4.237612445339067,5.519666056200621,,
EA_baseline,recursive,20,activity,-0.855142299563119,-3.1373683251822366,-2.2349176552133474,0.0644241778433136,0.8452449794477833,,
EA_baseline,recursive,20,price,0.4743060695501447,-1.3259399110440448,-0.8144087160454584,0.9134719764960316,1.5663002546176696,,
EA_baseline,recursive,20,fx,2.630350657929033,-0.2089210995685655,0.9668892304289692,4.257708362915641,5.43087767638338,,
EA_baseline,recursive,21,activity,-0.8843796735689462,-3.0900950751988634,-2.227519257751581,0.0452387408804863,0.7718976611015467,,
EA_baseline,recursive,21,price,0.4948370551766691,-1.3604857998886697,-0.824348712654382,0.9348017031341516,1.607673362511442,,
EA_baseline,recursive,21,fx,2.5838957720430735,-0.2323918864764099,0.9136773551571628,4.145673847007843,5.2927713701886905,,
EA_baseline,recursive,22,activity,-0.8832345746120265,-2.991376377606464,-2.168354960864225,0.0442202751049499,0.7698190067542081,,
EA_baseline,recursive,22,price,0.5106128143589258,-1.4034983096708895,-0.8726178769811671,0.9518915976399704,1.698584746856871,,
EA_baseline,recursive,22,fx,2.6052142150511584,-0.2371391757795577,0.9509170612497831,4.1568338497276285,5.278806887384087,,
EA_baseline,recursive,23,activity,-0.9153567084933668,-3.008384231185968,-2.1560185978923863,0.0474330417538247,0.6955461250171564,,
EA_baseline,recursive,23,price,0.5335587440193273,-1.4710011975829114,-0.8801817928787239,0.9818797841681848,1.7506527905735827,,
EA_baseline,recursive,23,fx,2.5987767604962744,-0.2906582920954677,0.9407518826632308,4.16518464376567,5.340111056930047,,
EA_baseline,recursive,24,activity,-0.95569682072388,-3.069220801755254,-2.144430583575533,-0.0534064006171923,0.606710831583499,,
EA_baseline,recursive,24,price,0.5472668292353595,-1.4869023535629786,-0.8916443124498991,0.968359299778997,1.7720494738560697,,
EA_baseline,recursive,24,fx,2.5963986266147994,-0.2044065086146807,0.9027604575759866,4.177128602900204,5.234188587533289,,
EA_baseline,recursive,25,activity,-0.980795912713462,-3.0552770781469603,-2.1408106258051345,-0.1259980449349326,0.5708836203478465,,
EA_baseline,recursive,25,price,0.5595842924575153,-1.525793279025338,-0.9255062252241638,0.9713679016621136,1.7996224737058528,,
EA_baseline,recursive,25,fx,2.5810812503153766,-0.0253865252238089,0.8738002789854703,4.054501167644564,5.149631625222274,,
EA_baseline,recursive,26,activity,-0.9850418195130084,-2.946477576363334,-2.1379423101742314,-0.1591542661413875,0.5157950010021269,,
EA_baseline,recursive,26,price,0.5743074775601257,-1.5406176268776337,-0.94664129210851,0.985832301772248,1.8223894057536765,,
EA_baseline,recursive,26,fx,2.581970551865667,-0.0378302052309805,0.8848796075474489,4.004009059439138,5.004869597970165,,
EA_baseline,recursive,27,activity,-0.9946418034430128,-2.887869107905302,-2.1189119064384196,-0.182710257508173,0.5092202737451849,,
EA_baseline,recursive,27,price,0.5887439539332856,-1.5492923901212194,-0.9620165562873184,0.9940973979022464,1.8011567460355984,,
EA_baseline,recursive,27,fx,2.554041093995863,-0.0227572388002789,0.8595834899209026,3.881068770276507,5.0326803574196965,,
EA_baseline,recursive,28,activity,-0.9949540705129836,-2.820458270341091,-2.0743666518320456,-0.1639342518724417,0.4903209390790178,,
EA_baseline,recursive,28,price,0.5994839076874298,-1.6118619338830482,-0.9854020463990004,1.002871261753396,1.801201280751564,,
EA_baseline,recursive,28,fx,2.5426570063753795,-0.0304479186311383,0.8114170435998769,3.866960674603861,5.10031023988343,,
EA_baseline,recursive,29,activity,-0.9945355572367152,-2.7293710133528046,-2.0385804428539203,-0.162337470822897,0.4823742115208336,,
EA_baseline,recursive,29,price,0.6125971405507108,-1.6301316774409025,-0.992094000902352,1.0075161595635638,1.815632908144136,,
EA_baseline,recursive,29,fx,2.517852203460081,-0.0822770937501496,0.8010035172495388,3.8043116656126768,5.059137300330008,,
EA_baseline,recursive,30,activity,-0.985951761782362,-2.6379573243749337,-1.9956185611887725,-0.1661087554627501,0.5063707297872821,,
EA_baseline,recursive,30,price,0.6235846995672093,-1.667465734251684,-1.0323777829350094,0.9704776794117752,1.819730099203175,,
EA_baseline,recursive,30,fx,2.4881577663320633,-0.1063183316246645,0.748159128892828,3.67605781165337,4.978510169124752,,
EA_baseline,recursive,31,activity,-0.9746961279360196,-2.624531982399218,-1.8981250613764011,-0.1463074802369563,0.4929773443269949,,
EA_baseline,recursive,31,price,0.6329204417596712,-1.6597732640194,-1.037149036560007,0.9786982681204808,1.8213778085101475,,
EA_baseline,recursive,31,fx,2.453857892287522,-0.1564668017886043,0.6969823003246101,3.5627879707241115,5.007117154584957,,
EA_baseline,recursive,32,activity,-0.9640987428712606,-2.5500428040210195,-1.8404365405290068,-0.115755901116951,0.4381610259981109,,
EA_baseline,recursive,32,price,0.6429549755951411,-1.6515662478096802,-1.0534673474294023,0.9693361806024352,1.8519835351510672,,
EA_baseline,recursive,32,fx,2.4228867503657514,-0.1771533301672975,0.6768594733437073,3.5193376395177034,4.924628547757433,,
EA_baseline,recursive,33,activity,-0.9593352064507022,-2.46231100486598,-1.7778864148114932,-0.1257994123344834,0.420547770332441,,
EA_baseline,recursive,33,price,0.6527137742420758,-1.6579305469918018,-1.0650492923808088,0.9760837481912918,1.8728671902459992,,
EA_baseline,recursive,33,fx,2.376869868717485,-0.1914721908454969,0.6015476486187045,3.4338072511251996,4.874695194946949,,
EA_baseline,recursive,34,activity,-0.952612160610405,-2.333770553893696,-1.7301523697508825,-0.0823081007884069,0.4232446835026677,,
EA_baseline,recursive,34,price,0.6601060574242399,-1.6711040945002815,-1.0919886080654586,0.9538377487704048,1.86657928207621,,
EA_baseline,recursive,34,fx,2.332139001115564,-0.218112713533012,0.5280587424695382,3.2861100926184914,4.831576606417007,,
EA_baseline,recursive,35,activity,-0.9448479193362131,-2.2647944826917548,-1.6785136686179962,-0.07884888898093,0.3656845988013796,,
EA_baseline,recursive,35,price,0.6677387943875194,-1.7023319136799304,-1.1039875786200108,0.9432593302948804,1.8668799885868463,,
EA_baseline,recursive,35,fx,2.2847599353123056,-0.2145515900064994,0.4587049341847602,3.1368908119087218,4.617226806770213,,
EA_baseline,recursive,36,activity,-0.9371945827459518,-2.195140266022036,-1.600378173452661,-0.0990801864770251,0.399827269312874,,
EA_baseline,recursive,36,price,0.6747409137323767,-1.690856725680988,-1.1078378427191042,0.9297435481218064,1.9169439253031744,,
EA_baseline,recursive,36,fx,2.235846564747953,-0.2074082726561566,0.3930308348834727,3.0394242483198117,4.546804284015664,,
EA_baseline,LP_HAC,0,activity,-3.4311605646647588e-15,-3.551387938361956e-12,-2.148481351752338e-12,2.141619030623008e-12,3.5445256172326266e-12,,
EA_baseline,LP_HAC,0,price,1.1626015848094522e-14,-4.804435374243403e-13,-2.8587306754828583e-13,3.0912509924447483e-13,5.036955691205294e-13,,
EA_baseline,LP_HAC,0,fx,3.423445782083234,1.702614624449663,2.383052836266324,4.463838727900144,5.144276939716804,,
EA_baseline,LP_HAC,1,activity,-0.10835127680734,-1.4105682986062136,-0.895655363784329,0.6789528101696487,1.1938657449915335,,
EA_baseline,LP_HAC,1,price,0.257369432489422,0.0582278920575233,0.136970953553595,0.3777679114252491,0.4565109729213207,,
EA_baseline,LP_HAC,1,fx,4.860089339823253,2.1696736721658705,3.233497753815916,6.486680925830591,7.550505007480636,,
EA_baseline,LP_HAC,2,activity,0.5737988943651459,-1.2839771146692316,-0.5493891918880128,1.6969869806183049,2.431574903399523,,
EA_baseline,LP_HAC,2,price,0.2169263703314453,-0.0478896095160704,0.0568219486101276,0.3770307920527629,0.4817423501789611,,
EA_baseline,LP_HAC,2,fx,4.003185859246364,0.7265374767573762,2.022165322779628,5.9842063957131,7.279834241735352,,
EA_baseline,LP_HAC,3,activity,1.8304838440758509,-0.1300038581163978,0.6451975557182443,3.015770132433458,3.790971546268099,,
EA_baseline,LP_HAC,3,price,-0.0093093918489042,-0.4631669719728091,-0.2837059952994041,0.2650872116015957,0.4445481882750007,,
EA_baseline,LP_HAC,3,fx,4.621782562687285,0.9123079739015084,2.3790807277396895,6.864484397634881,8.33125715147306,,
EA_baseline,LP_HAC,4,activity,3.168399834826577,0.915347647543198,1.8062327263285771,4.530566943324577,5.421452022109957,,
EA_baseline,LP_HAC,4,price,-0.0352339609935769,-0.4615618461909255,-0.2929864559997203,0.2225185340125663,0.3910939242037716,,
EA_baseline,LP_HAC,4,fx,4.104837776270866,-0.5878574015281455,1.2676930987157342,6.941982453825998,8.797532954069878,,
EA_baseline,LP_HAC,5,activity,3.5004337762721462,1.2276226181137213,2.12632064167867,4.8745469108656225,5.773244934430571,,
EA_baseline,LP_HAC,5,price,0.1632302555571124,-0.3552047610898923,-0.1502090564819302,0.4766695675961552,0.6816652722041172,,
EA_baseline,LP_HAC,5,fx,2.609409192814661,-3.869464441640855,-1.3076365883624383,6.52645497399176,9.088282827270175,,
EA_baseline,LP_HAC,6,activity,2.387778859033264,-0.2530177785182284,0.7911863166110251,3.984371401455503,5.028575496584756,,
EA_baseline,LP_HAC,6,price,-0.0311415100199875,-0.648148469037526,-0.4041761827327657,0.3418931626927905,0.5858654489975509,,
EA_baseline,LP_HAC,6,fx,3.1392113279150267,-3.68005673371051,-0.9836326567941877,7.262055312624241,9.958479389540564,,
EA_baseline,LP_HAC,7,activity,1.7245628037491745,-0.5395589692322929,0.3557031625048219,3.093422444993527,3.988684576730641,,
EA_baseline,LP_HAC,7,price,-0.0755165964961288,-0.7883174034024879,-0.5064670287847857,0.355433835792528,0.6372842104102302,,
EA_baseline,LP_HAC,7,fx,2.2992570490700435,-4.2476983327089535,-1.658950103075981,6.257464201216068,8.846212430849041,,
EA_baseline,LP_HAC,8,activity,1.204886975324586,-1.4472844124604256,-0.3985825984966291,2.8083565491458016,3.857058363109598,,
EA_baseline,LP_HAC,8,price,-0.07431308439721,-0.8331860571026646,-0.5331181705740509,0.3844920017796308,0.6845598883082444,,
EA_baseline,LP_HAC,8,fx,1.1561426926102578,-4.812746090392474,-2.4525726404741865,4.764858025694703,7.12503147561299,,
EA_baseline,LP_HAC,9,activity,1.45900886733534,-1.862397024215698,-0.5490714980367075,3.4670892327073872,4.780414758886378,,
EA_baseline,LP_HAC,9,price,-0.0139691019673046,-0.9027329301289874,-0.5513045710601663,0.5233663671255568,0.8747947261943779,,
EA_baseline,LP_HAC,9,fx,1.186501541215951,-4.53515316066304,-2.2727391657114535,4.645742248143355,6.908156243094942,,
EA_baseline,LP_HAC,10,activity,1.308755574822542,-2.271474154460808,-0.8558064382645902,3.4733175879096745,4.888985304105892,,
EA_baseline,LP_HAC,10,price,-0.0346168169633627,-0.9348852197594216,-0.5789078076604989,0.5096741737337734,0.8656515858326961,,
EA_baseline,LP_HAC,10,fx,0.0020312771703096,-5.97135486381722,-3.60940310217352,3.613465656514139,5.975417418157839,,
EA_baseline,LP_HAC,11,activity,0.97301036684061,-2.5451812962091385,-1.1540442091018348,3.1000649427830544,4.491202029890358,,
EA_baseline,LP_HAC,11,price,0.0199980711919202,-0.9301657117916816,-0.5544590408853974,0.5944551832692381,0.9701618541755224,,
EA_baseline,LP_HAC,11,fx,-0.3899891325798097,-6.15731352151911,-3.876841159795342,3.0968628946357226,5.37733525635949,,
EA_baseline,LP_HAC,12,activity,2.5921416148283347,-0.8847919012068624,0.4900311973647757,4.694252032291894,6.069075130863531,,
EA_baseline,LP_HAC,12,price,-0.0808462424945797,-1.1573129567426872,-0.7316645234992971,0.5699720385101377,0.9956204717535276,,
EA_baseline,LP_HAC,12,fx,-0.8928707216258595,-6.898988212765849,-4.524094064956436,2.738352621704717,5.113246769514129,,
EA_baseline,LP_HAC,13,activity,1.9985189577947664,-0.7604816620650834,0.3304617694567724,3.666576146132761,4.757519577654617,,
EA_baseline,LP_HAC,13,price,-0.1490838410613774,-1.3232276362437008,-0.8589564607332847,0.5607887786105299,1.0250599541209455,,
EA_baseline,LP_HAC,13,fx,-0.6802366076223528,-6.736524113969303,-4.341792113223066,2.9813188979783605,5.376050898724596,,
EA_baseline,LP_HAC,14,activity,1.2290018467772448,-1.1885437442913778,-0.2326159115840007,2.6906196051384903,3.646547437845867,,
EA_baseline,LP_HAC,14,price,0.0210789908065087,-1.277922610358476,-0.7642810931632749,0.8064390747762924,1.3200805919714935,,
EA_baseline,LP_HAC,14,fx,0.101742092581379,-5.604822684387139,-3.34837543491025,3.5518596200730084,5.808306869549897,,
EA_baseline,LP_HAC,15,activity,0.7834942300348048,-1.6812707688585111,-0.7066717903616423,2.273660250431252,3.2482592289281205,,
EA_baseline,LP_HAC,15,price,-0.0573197784485065,-1.4313420654971345,-0.888036428655167,0.7733968717581539,1.3167025086001214,,
EA_baseline,LP_HAC,15,fx,-0.8586441405990138,-6.902892821954609,-4.512921123526908,2.7956328423288803,5.1856045407565805,,
EA_baseline,LP_HAC,16,activity,0.5689485981590875,-1.9672309538903248,-0.9643937658331152,2.10229096215129,3.1051281502084995,,
EA_baseline,LP_HAC,16,price,0.2057728127145579,-1.200984455488971,-0.6447349967374075,1.0562806221665233,1.612530080918087,,
EA_baseline,LP_HAC,16,fx,-1.3444424626894227,-7.419380081755365,-5.017273592644947,2.3283886672661014,4.73049515637652,,
EA_baseline,LP_HAC,17,activity,0.163560900792578,-2.4937439312688388,-1.4430122890860433,1.770134090671199,2.8208657328539952,,
EA_baseline,LP_HAC,17,price,0.2896622752103832,-1.1958433288326218,-0.6084557909124797,1.1877803413332462,1.7751678792533885,,
EA_baseline,LP_HAC,17,fx,-1.723298011635155,-7.680370204891753,-5.324869182690133,1.878273159419823,4.233774181621444,,
EA_baseline,LP_HAC,18,activity,0.2786401487908493,-2.026888214829511,-1.1152533980867982,1.672533695668497,2.5841685124112095,,
EA_baseline,LP_HAC,18,price,0.366228108633617,-1.2595411891758197,-0.6166916284152277,1.3491478456824617,1.9919974064430537,,
EA_baseline,LP_HAC,18,fx,-1.8639666899103984,-7.425895084305429,-5.22663887363869,1.498705493817893,3.697961704484633,,
EA_baseline,LP_HAC,19,activity,-1.0489118877020809,-3.177200397424244,-2.33564844076583,0.2378246653616684,1.0793766220200822,,
EA_baseline,LP_HAC,19,price,0.364209388478638,-1.2640583053593724,-0.6202208474895545,1.3486396244468306,1.9924770823166489,,
EA_baseline,LP_HAC,19,fx,-1.2621143089946478,-6.843417664011986,-4.636500351033506,2.11227173304421,4.31918904602269,,
EA_baseline,LP_HAC,20,activity,-2.118258920352522,-4.863341314809352,-3.777901324088693,-0.4586165166163511,0.6268234741043073,,
EA_baseline,LP_HAC,20,price,0.6426125068154643,-1.052546478985902,-0.3822593657342955,1.667484379365224,2.3377714926168305,,
EA_baseline,LP_HAC,20,fx,-2.337926293489409,-7.152313310919885,-5.248644331774576,0.5727917447957576,2.4764607239410665,,
EA_baseline,LP_HAC,21,activity,-1.7067715728899382,-4.564123444355672,-3.434290695031907,0.0207475492520308,1.1505802985757951,,
EA_baseline,LP_HAC,21,price,0.6594604457145127,-1.1639468470762724,-0.442948745538983,1.7618696369680085,2.4828677385052975,,
EA_baseline,LP_HAC,21,fx,-4.185382001060595,-7.944426908042374,-6.458053428983216,-1.912710573137974,-0.4263370940788165,,
EA_baseline,LP_HAC,22,activity,-0.8277243277123848,-3.038920938016844,-2.1645860790643363,0.5091374236395668,1.3834722825920744,,
EA_baseline,LP_HAC,22,price,0.8372834822370693,-0.9926840274002474,-0.269091933883918,1.9436588983580565,2.667250991874386,,
EA_baseline,LP_HAC,22,fx,-3.9244725098941937,-7.973802628606703,-6.372646737856148,-1.4762982819322383,0.1248576088183162,,
EA_baseline,LP_HAC,23,activity,-0.6158246852976534,-2.797418311485993,-1.9347888435516891,0.7031394729563825,1.565768940890686,,
EA_baseline,LP_HAC,23,price,1.0071941106904536,-0.9149955950970284,-0.1549376891389269,2.1693259105198344,2.9293838164779356,,
EA_baseline,LP_HAC,23,fx,-3.3949644979392737,-6.705658113829738,-5.396568355734463,-1.3933606401440843,-0.0842708820488096,,
EA_baseline,LP_HAC,24,activity,-0.5712321915668538,-2.7277328627122275,-1.8750254637635364,0.7325610806298289,1.58526847957852,,
EA_baseline,LP_HAC,24,price,1.0027327902229088,-1.0906492322904415,-0.2628997382570235,2.268365318702841,3.096114812736259,,
EA_baseline,LP_HAC,24,fx,-4.1342095621095964,-7.147803429607379,-5.956190636425674,-2.312228487793519,-1.1206156946118138,,
EA_baseline,LP_HAC,25,activity,-0.9472013729974827,-3.1571365573021297,-2.2833004820030003,0.3888977360080345,1.262733811307164,,
EA_baseline,LP_HAC,25,price,1.1773449782004437,-0.9034898033231816,-0.0807016456674836,2.4353916020683704,3.2581797597240687,,
EA_baseline,LP_HAC,25,fx,-4.901445487439988,-7.943397830299856,-6.740571740462272,-3.0623192344177035,-1.8594931445801195,,
EA_baseline,LP_HAC,26,activity,-2.856653526635874,-6.5438017379770015,-5.085857113660646,-0.6274499396111026,0.8304946847052532,,
EA_baseline,LP_HAC,26,price,1.3769907735331035,-0.7473999513305423,0.0926107723327516,2.661370774733456,3.50138149839675,,
EA_baseline,LP_HAC,26,fx,-5.583599700408105,-8.80172851596694,-7.529240040301624,-3.6379593605145866,-2.365470884849272,,
EA_baseline,LP_HAC,27,activity,-3.188924112743308,-7.140500615028799,-5.577997729638563,-0.7998504958480535,0.7626523895421831,,
EA_baseline,LP_HAC,27,price,1.395439703089178,-0.8081404556692657,0.063182762863222,2.7276966433151344,3.599019861847622,,
EA_baseline,LP_HAC,27,fx,-4.733124198464052,-7.910518324620883,-6.654136855789243,-2.8121115411388615,-1.555730072307222,,
EA_baseline,LP_HAC,28,activity,-2.1224675860338875,-5.424240885415324,-4.1186783322915055,-0.12625683977627,1.1793057133475489,,
EA_baseline,LP_HAC,28,price,1.6232532168757103,-0.5556394664785649,0.3059220148005241,2.9405844189508965,3.8021459002299856,,
EA_baseline,LP_HAC,28,fx,-1.8097484896088467,-5.385768939219028,-3.971765624972497,0.3522686457548034,1.7662719600013346,,
EA_baseline,LP_HAC,29,activity,-0.280781592572672,-2.9700298863456056,-1.9066673989635008,1.3451042138181566,2.4084667012002616,,
EA_baseline,LP_HAC,29,price,1.7869724661299426,-0.449444979864146,0.4348625136847579,3.1390824185751276,4.023389912124031,,
EA_baseline,LP_HAC,29,fx,-1.7797741471908932,-5.575058944824578,-4.074355758703675,0.5148074643218881,2.015510650442791,,
EA_baseline,LP_HAC,30,activity,1.0999479195416444,-1.4627758181217505,-0.4494427263187341,2.649338565402023,3.6626716572050393,,
EA_baseline,LP_HAC,30,price,1.7176469981057425,-0.6505619577419104,0.2858575509222336,3.149436445289251,4.085855953953395,,
EA_baseline,LP_HAC,30,fx,-1.2130543275347585,-4.627677576812613,-3.277492738829242,0.8513840837597251,2.201568921743096,,
EA_baseline,LP_HAC,31,activity,1.156544798430674,-2.49492060304129,-1.0510854090616994,3.3641750059230473,4.808010199902637,,
EA_baseline,LP_HAC,31,price,1.7367277851777807,-0.6129662895464913,0.3161322030216194,3.157323367333942,4.086421859902053,,
EA_baseline,LP_HAC,31,fx,-0.0825955881719313,-3.5730308413901595,-2.192868986680543,2.0276778103366806,3.407839665046297,,
EA_baseline,LP_HAC,32,activity,0.9450581526256532,-2.818731484012932,-1.3304818793682345,3.2205981846195413,4.708847789264238,,
EA_baseline,LP_HAC,32,price,2.14311849829341,-0.2279185364848941,0.7096192300408144,3.5766177665460055,4.514155533071714,,
EA_baseline,LP_HAC,32,fx,0.2887622053378995,-2.236917711108519,-1.2382322105906334,1.8157566212664324,2.8144421217843174,,
EA_baseline,LP_HAC,33,activity,1.044727814606481,-2.640742196572331,-1.1834611536378268,3.272916782850789,4.730197825785293,,
EA_baseline,LP_HAC,33,price,2.2729708520407876,-0.1291856738682923,0.8206571295599259,3.725284574521649,4.675127377949868,,
EA_baseline,LP_HAC,33,fx,0.5248798349316023,-2.006610712195923,-1.0056276154655095,2.055387285328714,3.0563703820591277,,
EA_baseline,LP_HAC,34,activity,0.5100896662941478,-3.523287131572852,-1.9284393838731155,2.948618716461411,4.543466464161147,,
EA_baseline,LP_HAC,34,price,2.5536481348280575,0.2546949302138754,1.1637298466603112,3.943566422995804,4.85260133944224,,
EA_baseline,LP_HAC,34,fx,2.0659073677285855,-0.3157342909173288,0.6259966768236505,3.505818058633521,4.4475490263744994,,
EA_baseline,LP_HAC,35,activity,0.1862762869548946,-2.9625355383553567,-1.7174558695820086,2.090008443491798,3.3350881122651463,,
EA_baseline,LP_HAC,35,price,2.60470672681136,0.175712206189091,1.1361670891640905,4.07324636445863,5.03370124743363,,
EA_baseline,LP_HAC,35,fx,2.534800983440233,-0.7034863662101372,0.5769730465394138,4.492628920341052,5.7730883330906035,,
EA_baseline,LP_HAC,36,activity,-0.0171841900104486,-3.2943213325849325,-1.9985002246978507,1.9641318446769531,3.2599529525640354,,
EA_baseline,LP_HAC,36,price,2.601864351555284,0.0239397150405009,1.0432834328056064,4.160445270304962,5.179788988070067,,
EA_baseline,LP_HAC,36,fx,2.4423961456522703,-1.9209364016181496,-0.195620014327162,5.080412305631702,6.80572869292269,,
EA_baseline,sign_set,0,activity,-0.5051321262764027,,,,,-93.1114673184368,79.94046532552376
EA_baseline,sign_set,0,price,-1.2555017177174943,,,,,-6.838266549227656,-0.0075626505581426
EA_baseline,sign_set,0,fx,4.584190169470759,,,,,-84.9475161669151,91.12718396427466
EA_baseline,sign_set,1,activity,-2.0737975927328636,,,,,-88.92054003066794,85.15588221346906
EA_baseline,sign_set,1,price,-1.2945046221083802,,,,,-8.7821186102289,-0.0098642296601831
EA_baseline,sign_set,1,fx,7.065320698385114,,,,,-103.65282281307184,116.81370665039114
EA_baseline,sign_set,2,activity,-1.4025291668688369,,,,,-57.11722312881344,61.33632429213142
EA_baseline,sign_set,2,price,-1.510110378143723,,,,,-8.18250121340339,-0.0039223002976427
EA_baseline,sign_set,2,fx,6.366066390102799,,,,,-105.72464141939612,110.2792848902948
EA_baseline,sign_set,3,activity,-0.9975963549521448,,,,,-40.49336895820193,37.72394196207902
EA_baseline,sign_set,3,price,-1.9527797079769873,,,,,-9.848333595098133,-0.0045250610662252
EA_baseline,sign_set,3,fx,6.017216093968237,,,,,-102.7586993276052,99.37719318686918
EA_baseline,sign_set,4,activity,0.9935301338589112,,,,,-41.99043781940087,43.78730506585744
EA_baseline,sign_set,4,price,-2.2064272522940858,,,,,-12.094182242036917,1.1317445254396126
EA_baseline,sign_set,4,fx,6.025716390612082,,,,,-105.54106997827672,102.80306380108674
EA_baseline,sign_set,5,activity,0.2315763070606228,,,,,-46.42494530813681,44.14640720811748
EA_baseline,sign_set,5,price,-2.2009844910334246,,,,,-13.416384673076726,2.0474570828495926
EA_baseline,sign_set,5,fx,4.0903990060560425,,,,,-105.08748567684944,96.36805438822164
EA_baseline,sign_set,6,activity,-1.520337498133957,,,,,-37.36613653265617,34.30206941865261
EA_baseline,sign_set,6,price,-2.903641331190637,,,,,-16.167764486504133,2.4685664791674933
EA_baseline,sign_set,6,fx,5.168846638690326,,,,,-98.7788226546833,91.04185214861468
EA_baseline,sign_set,7,activity,-2.792090944195441,,,,,-29.33471849591451,26.847033687510187
EA_baseline,sign_set,7,price,-3.0984792840479773,,,,,-16.83066775908523,2.255345110925498
EA_baseline,sign_set,7,fx,5.503733585700095,,,,,-86.09204078763112,83.92971504647169
EA_baseline,sign_set,8,activity,-2.2010639464625603,,,,,-24.713225208455412,25.554545379528296
EA_baseline,sign_set,8,price,-3.192557975402048,,,,,-16.734932690713723,2.2088623253157142
EA_baseline,sign_set,8,fx,5.817774747881658,,,,,-73.91804233976336,80.4510577566968
EA_baseline,sign_set,9,activity,-2.362062363384109,,,,,-24.812283003471677,21.24542737288816
EA_baseline,sign_set,9,price,-3.2811457557536885,,,,,-17.54439071213579,2.936299493636518
EA_baseline,sign_set,9,fx,4.751131763150374,,,,,-63.06332118479671,75.36670512574037
EA_baseline,sign_set,10,activity,-2.1466328352507986,,,,,-21.975298405757112,18.446296525627
EA_baseline,sign_set,10,price,-3.395070819299121,,,,,-19.096614680936476,3.913981488619716
EA_baseline,sign_set,10,fx,5.4557876499197295,,,,,-49.781968650236784,68.7515824764775
EA_baseline,sign_set,11,activity,-2.2663741335601095,,,,,-23.358046467442353,15.563016587476522
EA_baseline,sign_set,11,price,-3.383431101513095,,,,,-19.275705487681567,4.413204207469438
EA_baseline,sign_set,11,fx,5.324038601622549,,,,,-40.611651345570735,60.68577745751837
EA_baseline,sign_set,12,activity,-1.7332732637920794,,,,,-23.73576580438613,14.119645107825622
EA_baseline,sign_set,12,price,-3.508314341181796,,,,,-20.01687767595261,5.181492884800905
EA_baseline,sign_set,12,fx,4.91712012773281,,,,,-35.68406133057431,54.39823131500619
EA_baseline,sign_set,13,activity,-1.3514183443973422,,,,,-24.48814795030036,15.177595047478237
EA_baseline,sign_set,13,price,-3.525457606285448,,,,,-20.531664310893625,5.800672797305741
EA_baseline,sign_set,13,fx,4.633840154840587,,,,,-30.417829078570623,47.92979622259485
EA_baseline,sign_set,14,activity,-1.297309493796697,,,,,-25.803106522922217,16.534957087206937
EA_baseline,sign_set,14,price,-3.5223687797191987,,,,,-20.442168930041845,6.414167154062893
EA_baseline,sign_set,14,fx,4.656736859946585,,,,,-24.67156321404676,41.08277309449581
EA_baseline,sign_set,15,activity,-1.4693483242681082,,,,,-26.824579406749606,16.84092274808574
EA_baseline,sign_set,15,price,-3.486479951170937,,,,,-20.647217071868337,7.066603658977077
EA_baseline,sign_set,15,fx,3.8142935542425582,,,,,-22.64750927545753,35.76799876211143
EA_baseline,sign_set,16,activity,-1.5110565087049832,,,,,-28.009539815201247,19.113164414168704
EA_baseline,sign_set,16,price,-3.510967596811562,,,,,-21.292480773890343,7.728636170480807
EA_baseline,sign_set,16,fx,3.4499876879976457,,,,,-19.421215954674125,31.847168915211913
EA_baseline,sign_set,17,activity,-1.281860768253655,,,,,-29.357604538460805,21.359374038969033
EA_baseline,sign_set,17,price,-3.465307230514137,,,,,-21.328659849772144,8.284458000828455
EA_baseline,sign_set,17,fx,2.968837521755197,,,,,-16.693664331477603,27.539386008933704
EA_baseline,sign_set,18,activity,-1.135212603812664,,,,,-29.556586453967142,22.710735011131124
EA_baseline,sign_set,18,price,-3.4752425274842373,,,,,-21.416656379168547,9.025609620024888
EA_baseline,sign_set,18,fx,2.591074940607485,,,,,-15.412343702412048,25.027949622924567
EA_baseline,sign_set,19,activity,-1.1145412104546812,,,,,-29.307892342257304,23.965270999510796
EA_baseline,sign_set,19,price,-3.475307990484138,,,,,-21.624932481525175,9.661209950002972
EA_baseline,sign_set,19,fx,2.152589851677434,,,,,-15.12749654277529,23.508872843177546
EA_baseline,sign_set,20,activity,-1.024665304990101,,,,,-28.964940161082577,24.9851601806837
EA_baseline,sign_set,20,price,-3.3978183070418924,,,,,-21.684029266413187,10.210671831256285
EA_baseline,sign_set,20,fx,1.850974151382435,,,,,-15.360685899954593,22.185666317612103
EA_baseline,sign_set,21,activity,-0.9610786200508356,,,,,-28.392760556106055,25.06767513591043
EA_baseline,sign_set,21,price,-3.3089826484649545,,,,,-21.926567446880433,10.807001375278144
EA_baseline,sign_set,21,fx,1.4141594638006283,,,,,-16.429677360866375,21.395889336062435
EA_baseline,sign_set,22,activity,-0.834603331269475,,,,,-27.641565775175017,24.858477971543973
EA_baseline,sign_set,22,price,-3.2662529627058268,,,,,-22.277571665788223,11.403964814592674
EA_baseline,sign_set,22,fx,1.2293566960576572,,,,,-17.231937871012967,21.098280211049573
EA_baseline,sign_set,23,activity,-0.7423329577745766,,,,,-27.064632679074528,24.340471370813777
EA_baseline,sign_set,23,price,-3.247438950644953,,,,,-22.41314771702926,11.883656957993548
EA_baseline,sign_set,23,fx,1.1058020316833213,,,,,-17.385271574265058,20.42194478165636
EA_baseline,sign_set,24,activity,-0.7195984417387309,,,,,-26.389595889289463,23.815752576776244
EA_baseline,sign_set,24,price,-3.11964680820963,,,,,-22.57207848602584,12.394421759194003
EA_baseline,sign_set,24,fx,0.8487373824491418,,,,,-17.613480197357667,20.03952341927739
EA_baseline,sign_set,25,activity,-0.6758784798468991,,,,,-25.50301597215748,23.10018769277766
EA_baseline,sign_set,25,price,-3.0728008199033203,,,,,-22.76448928837349,12.882325858027578
EA_baseline,sign_set,25,fx,0.6790345624317295,,,,,-17.940423085108673,19.89994580492153
EA_baseline,sign_set,26,activity,-0.6211338229811887,,,,,-24.505560249090287,22.190709805596107
EA_baseline,sign_set,26,price,-3.0063663271598084,,,,,-22.88023250739403,13.315477223755911
EA_baseline,sign_set,26,fx,0.6058751618464977,,,,,-17.7895469201366,19.536450758507915
EA_baseline,sign_set,27,activity,-0.5731407066835148,,,,,-23.384017971890607,21.062032509555777
EA_baseline,sign_set,27,price,-2.948509568242307,,,,,-22.97972387847715,13.739810597719568
EA_baseline,sign_set,27,fx,0.5293925493288073,,,,,-17.499172896500518,19.052292117738343
EA_baseline,sign_set,28,activity,-0.4967083450062908,,,,,-22.156992022449213,19.93578828560861
EA_baseline,sign_set,28,price,-2.9362523373578213,,,,,-23.142059352777174,14.161075193284823
EA_baseline,sign_set,28,fx,0.5223950458131742,,,,,-17.10934485454011,18.689427577112852
EA_baseline,sign_set,29,activity,-0.4648954385911045,,,,,-21.015455948913004,18.77887766374441
EA_baseline,sign_set,29,price,-2.9233603385478295,,,,,-23.23909076783809,14.523740592288116
EA_baseline,sign_set,29,fx,0.5205815393113722,,,,,-16.3915083302948,18.03517626042107
EA_baseline,sign_set,30,activity,-0.4435834171983952,,,,,-19.87562012782719,17.652031842661938
EA_baseline,sign_set,30,price,-2.883796379091881,,,,,-23.32361936997318,14.878265111355624
EA_baseline,sign_set,30,fx,0.5454428365347354,,,,,-15.785472220180475,17.225439768962232
EA_baseline,sign_set,31,activity,-0.4268657760268403,,,,,-18.708670845814563,16.541171047386733
EA_baseline,sign_set,31,price,-2.8910495491593307,,,,,-23.43959147340416,15.227897865553954
EA_baseline,sign_set,31,fx,0.5483255989692517,,,,,-15.033289314574338,16.41350535340154
EA_baseline,sign_set,32,activity,-0.4135618747068288,,,,,-17.60515054800765,15.492799618701582
EA_baseline,sign_set,32,price,-2.888975997730616,,,,,-23.538118633188528,15.547256708696228
EA_baseline,sign_set,32,fx,0.6358556659860611,,,,,-13.981988940776858,15.442636867184609
EA_baseline,sign_set,33,activity,-0.3984013464399538,,,,,-16.569601175022672,14.471874716675917
EA_baseline,sign_set,33,price,-2.8582835871054164,,,,,-23.61982588047338,15.84797167946905
EA_baseline,sign_set,33,fx,0.6927991357832873,,,,,-12.784288951691083,14.305307718416293
EA_baseline,sign_set,34,activity,-0.4140542541165147,,,,,-15.560171295635111,13.52404637371955
EA_baseline,sign_set,34,price,-2.848335171807141,,,,,-23.73078120030901,16.14413528803948
EA_baseline,sign_set,34,fx,0.7294555427758285,,,,,-11.418065280906855,13.170853461478428
EA_baseline,sign_set,35,activity,-0.3938609711536696,,,,,-14.621857403252898,12.703714795715635
EA_baseline,sign_set,35,price,-2.857382652650844,,,,,-23.829043153307165,16.414197558750757
EA_baseline,sign_set,35,fx,0.8031219320253749,,,,,-10.215085983771887,11.944424931901532
EA_baseline,sign_set,36,activity,-0.3813727552763726,,,,,-13.745937020314958,12.043902177438842
EA_baseline,sign_set,36,price,-2.8307365524867523,,,,,-23.91585884999063,16.670787255335508
EA_baseline,sign_set,36,fx,0.8245566283649097,,,,,-9.03531734931594,10.655406086155851
EA_proxy_overlap,proxy,0,activity,-1.2847756457299662,-4.97995723817892,-3.2972578299698374,0.9254301315000756,1.9036042128809612,,
EA_proxy_overlap,proxy,0,price,-0.0531881117828651,-1.3022281379732767,-0.7091459987300088,0.5369660526446599,0.8788026506434471,,
EA_proxy_overlap,proxy,0,fx,6.289072304860848,2.148835908162374,3.499564848904764,9.078351078044829,11.850665148367847,,
EA_proxy_overlap,proxy,1,activity,-0.3714409854775872,-5.411081201440051,-3.265993772567055,2.7442263216815177,4.8142408449966565,,
EA_proxy_overlap,proxy,1,price,0.3088058743004875,-1.1471602413782018,-0.5185759420357406,1.053382645504869,1.5145784501630384,,
EA_proxy_overlap,proxy,1,fx,8.30383167291614,3.2999486960570548,4.921668296889525,11.74723840904558,15.046368866932749,,
EA_proxy_overlap,proxy,2,activity,1.841565136935975,-2.309211162875673,-0.5687874668527151,4.4874751147884036,6.139882107983543,,
EA_proxy_overlap,proxy,2,price,0.2959155909661147,-1.2491522563412898,-0.6094830383383735,1.096086132919556,1.5878179107933077,,
EA_proxy_overlap,proxy,2,fx,7.902688506977556,2.8967919242121005,4.469031217088686,11.493997931472991,14.73256927485142,,
EA_proxy_overlap,proxy,3,activity,2.9341633791949953,-0.3337814703897309,1.0599457912145305,5.046700397485285,6.305512566281961,,
EA_proxy_overlap,proxy,3,price,0.2837716569355846,-1.399530465076564,-0.6736572788621156,1.171605366880348,1.6677477881555811,,
EA_proxy_overlap,proxy,3,fx,7.830938889403403,3.1934602862363843,4.574794475666989,11.353050355731774,14.404956091945111,,
EA_proxy_overlap,proxy,4,activity,2.5221770439924422,-0.4558356756263109,0.7635674637501942,4.424627498919216,5.566325035373603,,
EA_proxy_overlap,proxy,4,price,0.2815063935539235,-1.564350494343366,-0.6971092534757869,1.21706721697786,1.7379656412574258,,
EA_proxy_overlap,proxy,4,fx,7.404256140792678,2.993251819289681,4.31156549050365,10.609767402428275,13.752123143945408,,
EA_proxy_overlap,proxy,5,activity,1.8971206190280123,-0.8578209185029916,0.2843125966597933,3.674043810599139,4.596201538201056,,
EA_proxy_overlap,proxy,5,price,0.2336355159313998,-1.6897532042579169,-0.7848003872928725,1.203602563593756,1.783342287574968,,
EA_proxy_overlap,proxy,5,fx,6.891274147994105,2.817946698137676,4.003261213134007,9.850557053460852,12.741079727171192,,
EA_proxy_overlap,proxy,6,activity,1.4376878456736732,-0.9910951891562312,0.0042838598374917,2.999200784340058,3.8248035858571745,,
EA_proxy_overlap,proxy,6,price,0.1994547001156061,-1.806103376568798,-0.8912529323528209,1.2310240469587184,1.8231574954123808,,
EA_proxy_overlap,proxy,6,fx,6.4096552078464715,2.5818762750182556,3.791799799584208,9.073840908677406,11.750247526807588,,
EA_proxy_overlap,proxy,7,activity,1.0250289866921802,-1.1080584189029703,-0.2283756135696693,2.390378259144383,3.154521867267567,,
EA_proxy_overlap,proxy,7,price,0.1775161741524346,-1.9209207714038223,-0.9547701553370712,1.2586207420858595,1.8725633888818336,,
EA_proxy_overlap,proxy,7,fx,5.98062000007311,2.4575892677149924,3.602401658452597,8.51873979162262,10.8420773263867,,
EA_proxy_overlap,proxy,8,activity,0.6440018559407784,-1.257241784736554,-0.4863815442521687,1.8356701402284863,2.5123466709080655,,
EA_proxy_overlap,proxy,8,price,0.1558202292997044,-2.002843140117112,-0.989577895150815,1.288541358344679,1.905429617114849,,
EA_proxy_overlap,proxy,8,fx,5.634188695892599,2.3797085289661353,3.4092461569867485,7.894529384326267,10.15263902208996,,
EA_proxy_overlap,proxy,9,activity,0.3085296306770521,-1.4412842190131434,-0.7651575848082538,1.369094284488054,1.9693756871077377,,
EA_proxy_overlap,proxy,9,price,0.1394567669867394,-2.07398724778045,-1.0233473537645483,1.3157856249712705,1.9507965354223673,,
EA_proxy_overlap,proxy,9,fx,5.350944835004852,2.2916549622867124,3.3225055126767225,7.413252266567723,9.552785529142309,,
EA_proxy_overlap,proxy,10,activity,0.0240775460338574,-1.624631574955441,-0.9812869532043076,1.0022477774006184,1.5522912674750025,,
EA_proxy_overlap,proxy,10,price,0.1281675459486847,-2.170803455509496,-1.0511462808054572,1.3434730849517098,1.9975734620056445,,
EA_proxy_overlap,proxy,10,fx,5.113157175170122,2.2766409790330373,3.2475966734859543,7.028831692616952,8.967447410779254,,
EA_proxy_overlap,proxy,11,activity,-0.2092478603940636,-1.8078927455204548,-1.1856591557662568,0.7336913933941367,1.158848605743176,,
EA_proxy_overlap,proxy,11,price,0.1197712854642556,-2.2681289052525124,-1.0869957449395038,1.3698015934515146,2.042236900089406,,
EA_proxy_overlap,proxy,11,fx,4.913487792664036,2.303189938086581,3.192003327205624,6.695974344647876,8.447154148108543,,
EA_proxy_overlap,proxy,12,activity,-0.4001827657140833,-2.0352962820092255,-1.3329481537847587,0.5259612450464939,0.9562854546498464,,
EA_proxy_overlap,proxy,12,price,0.1134859407710218,-2.3197954546522213,-1.119682699828818,1.3917250659546192,2.083975462170442,,
EA_proxy_overlap,proxy,12,fx,4.744282168550736,2.3504625287061947,3.111832769054481,6.426911652455734,8.006309334172434,,
EA_proxy_overlap,proxy,13,activity,-0.557472588478224,-2.1069986933277445,-1.4768390734133885,0.3490485424688578,0.7288660085337613,,
EA_proxy_overlap,proxy,13,price,0.1083879252972801,-2.3624051212679213,-1.1487892218657445,1.4037095495025076,2.122040705638935,,
EA_proxy_overlap,proxy,13,fx,4.599038118096441,2.4083694656929406,3.088878131272168,6.132858855873318,7.611605641914397,,
EA_proxy_overlap,proxy,14,activity,-0.6869644207474311,-2.2176722781592604,-1.5187750762966032,0.1885440970190852,0.5496582507747911,,
EA_proxy_overlap,proxy,14,price,0.1037852922285445,-2.3990626361736607,-1.1679970160122142,1.4042551789092197,2.155937529116502,,
EA_proxy_overlap,proxy,14,fx,4.4725741556662655,2.47757853904967,3.0893578073271715,5.895718811305861,7.236780962249444,,
EA_proxy_overlap,proxy,15,activity,-0.7934678888170101,-2.3214106661135623,-1.617349487478313,0.0367886297148079,0.4131878157681649,,
EA_proxy_overlap,proxy,15,price,0.0992995006046147,-2.4305404674072273,-1.180976586323241,1.4196025969300468,2.1845991591893403,,
EA_proxy_overlap,proxy,15,fx,4.360448557631612,2.5243447523925417,3.0696067232769244,5.682566853694424,6.890933277725184,,
EA_proxy_overlap,proxy,16,activity,-0.8810016630345066,-2.3695796807184375,-1.6622345091935768,-0.0769419154263329,0.32002263708758,,
EA_proxy_overlap,proxy,16,price,0.0946125388601665,-2.457309930541857,-1.201676633985955,1.4394486785920246,2.2034140994819005,,
EA_proxy_overlap,proxy,16,fx,4.259197995408092,2.5571089506839035,3.0854345410486133,5.463410433140788,6.544529100273958,,
EA_proxy_overlap,proxy,17,activity,-0.9528021340537512,-2.4173429431555644,-1.6989098585510096,-0.1623217506379621,0.2181868898721625,,
EA_proxy_overlap,proxy,17,price,0.0894938044126082,-2.478389663266843,-1.22039831965875,1.4500613890097005,2.217297382440593,,
EA_proxy_overlap,proxy,17,fx,4.166169478339519,2.605588402604726,3.074956050332856,5.273924801915915,6.209175903282743,,
EA_proxy_overlap,proxy,18,activity,-1.011531235343218,-2.448856486735176,-1.737743278975177,-0.226801029719256,0.1464270625969179,,
EA_proxy_overlap,proxy,18,price,0.0838028678524226,-2.496497413367021,-1.237405849736097,1.4569989219890096,2.225712266843138,,
EA_proxy_overlap,proxy,18,fx,4.079284697687111,2.633277250059215,3.077762328583347,5.091816465564154,5.938787566459414,,
EA_proxy_overlap,proxy,19,activity,-1.0593528694077756,-2.456665886608979,-1.7669071854712806,-0.3102722180999147,0.0920687902905169,,
EA_proxy_overlap,proxy,19,price,0.0774549901778645,-2.5124090971980295,-1.253600120188334,1.4572210561819765,2.2300497452318133,,
EA_proxy_overlap,proxy,19,fx,3.996936834191524,2.664971692542664,3.0886574232239328,4.931130844431945,5.6870707900289075,,
EA_proxy_overlap,proxy,20,activity,-1.0980166568285303,-2.4526076089095556,-1.7959473633986625,-0.3627991121911134,0.0318584689310089,,
EA_proxy_overlap,proxy,20,price,0.0704111158976504,-2.53370939195597,-1.2695027517067414,1.4576552110526655,2.229035958313483,,
EA_proxy_overlap,proxy,20,fx,3.9178884128681526,2.6919944083315124,3.0866099975533112,4.765299101689129,5.451824411307519,,
EA_proxy_overlap,proxy,21,activity,-1.128949190222144,-2.443378741193178,-1.813362141395668,-0.4385523871305419,-0.0370035512183665,,
EA_proxy_overlap,proxy,21,price,0.0626668164173087,-2.552665962725011,-1.282493558292317,1.4580599187531804,2.234043697437067,,
EA_proxy_overlap,proxy,21,fx,3.8411881055381536,2.7221229575907655,3.078713325392704,4.603051598027962,5.272883290806752,,
EA_proxy_overlap,proxy,22,activity,-1.1533165763162634,-2.4488656420546504,-1.8112959910792663,-0.486289765830085,-0.1026468759003712,,
EA_proxy_overlap,proxy,22,price,0.0542410946849321,-2.5684089813221846,-1.287004791504481,1.4564650559924508,2.231033286365691,,
EA_proxy_overlap,proxy,22,fx,3.766113446542597,2.7269500579608215,3.062557784852173,4.452744722482223,5.046030712313707,,
EA_proxy_overlap,proxy,23,activity,-1.1720762184961662,-2.4442897593880093,-1.810920526160388,-0.5268386210493723,-0.1609491420988576,,
EA_proxy_overlap,proxy,23,price,0.0451698261758152,-2.5805664562808412,-1.2929753876160883,1.4526406440354849,2.2248346442071467,,
EA_proxy_overlap,proxy,23,fx,3.69212253235337,2.722319148564822,3.036371629160649,4.327135719741123,4.8215284243229934,,
EA_proxy_overlap,proxy,24,activity,-1.1860195775958458,-2.427084809208211,-1.812419714038048,-0.5674895117579942,-0.2113569150776215,,
EA_proxy_overlap,proxy,24,price,0.0355004412648197,-2.5925959920977144,-1.2992442808959097,1.4446134841769387,2.2163364534464938,,
EA_proxy_overlap,proxy,24,fx,3.6188151073413497,2.751200114933038,3.022056113112433,4.175875332902283,4.639150007904161,,
EA_proxy_overlap,proxy,25,activity,-1.1958045010420466,-2.409169032819671,-1.8086216694647892,-0.6026923594528012,-0.2477275486289116,,
EA_proxy_overlap,proxy,25,price,0.0252876266642283,-2.607839149146783,-1.3052536943167643,1.4348153354408997,2.205805659416807,,
EA_proxy_overlap,proxy,25,fx,3.545902403837957,2.7416788833364727,3.0109860039334793,4.037884981355096,4.490252049740319,,
EA_proxy_overlap,proxy,26,activity,-1.201980874509064,-2.380264475515956,-1.7927652465071109,-0.6214937275231732,-0.2723137591617736,,
EA_proxy_overlap,proxy,26,price,0.0145902368323815,-2.621710245050401,-1.3110685021298405,1.4248613180491874,2.1934961106523474,,
EA_proxy_overlap,proxy,26,fx,3.4731830527990613,2.753947519792375,2.976150934155694,3.946128365873187,4.335687416528059,,
EA_proxy_overlap,proxy,27,activity,-1.2050111847384224,-2.3293482201410898,-1.7727747468828912,-0.6320541099406914,-0.3088145411529909,,
EA_proxy_overlap,proxy,27,price,0.0034689229436755,-2.634367209607826,-1.306647624993192,1.41332983517943,2.179646604722479,,
EA_proxy_overlap,proxy,27,fx,3.400524077847312,2.7233947152955853,2.9639126759849903,3.802764278659145,4.16241161676717,,
EA_proxy_overlap,proxy,28,activity,-1.2052868184164272,-2.2950961088972814,-1.7502238202546838,-0.6457780525697097,-0.3429696440267487,,
EA_proxy_overlap,proxy,28,price,-0.0080156500563282,-2.6459436817099458,-1.3019505780221117,1.3931797172167504,2.164188972285557,,
EA_proxy_overlap,proxy,28,fx,3.327845948121638,2.697049154106761,2.9330168362163347,3.7055011838946985,4.038153939874537,,
EA_proxy_overlap,proxy,29,activity,-1.2031410968244725,-2.2571815175319307,-1.7280875233806925,-0.6597378189880052,-0.3592966646404701,,
EA_proxy_overlap,proxy,29,price,-0.019804086067615,-2.655273304689564,-1.3014907935596312,1.3755842875154252,2.141618450568009,,
EA_proxy_overlap,proxy,29,fx,3.255110701624349,2.6570736710712737,2.863212013653873,3.624513969700796,3.908189825096957,,
EA_proxy_overlap,proxy,30,activity,-1.198859703670986,-2.216187836408804,-1.7040320210359885,-0.6693472242787526,-0.3740283930776227,,
EA_proxy_overlap,proxy,30,price,-0.031839175290376,-2.6638575866198244,-1.306618177573987,1.3600774871456338,2.117918097068663,,
EA_proxy_overlap,proxy,30,fx,3.1823125097860716,2.6252906042112754,2.8425108564446537,3.527073244776635,3.783948310732951,,
EA_proxy_overlap,proxy,31,activity,-1.1926890270252204,-2.172624717072036,-1.6782280578285358,-0.6846423483943957,-0.3983895454219882,,
EA_proxy_overlap,proxy,31,price,-0.0440665277091879,-2.6717916346157433,-1.3122266178318054,1.3411114081823527,2.092611715252529,,
EA_proxy_overlap,proxy,31,fx,3.109470177541869,2.5746619699109528,2.787389376427311,3.43246120602403,3.676248133308565,,
EA_proxy_overlap,proxy,32,activity,-1.1848428703699456,-2.1269387967009936,-1.6496671436885848,-0.6953459039875199,-0.4251255418902824,,
EA_proxy_overlap,proxy,32,price,-0.0564349854423967,-2.678900236585389,-1.3189077814563233,1.321969213349728,2.0670358777444924,,
EA_proxy_overlap,proxy,32,fx,3.0366211668036094,2.530185460481587,2.7194416055836763,3.334306562646589,3.5825029083286144,,
EA_proxy_overlap,proxy,33,activity,-1.1755078734711135,-2.079522513533321,-1.6201889434951076,-0.7095406306043766,-0.4521570364741423,,
EA_proxy_overlap,proxy,33,price,-0.0688968683992421,-2.684737672850897,-1.325663599274422,1.3027409790621822,2.041369458372789,,
EA_proxy_overlap,proxy,33,fx,2.96381683038738,2.483200542728596,2.6681703868339395,3.243224779469372,3.4776080376839915,,
EA_proxy_overlap,proxy,34,activity,-1.1648479073892686,-2.030721401840806,-1.5892916675579294,-0.7246580150924643,-0.4772912058310977,,
EA_proxy_overlap,proxy,34,price,-0.081408093008107,-2.6896825988327486,-1.332186748567851,1.2835073069760858,2.0157306688817247,,
EA_proxy_overlap,proxy,34,fx,2.8911186068370953,2.416876797741236,2.604355696703033,3.1727859266454272,3.369605990148418,,
EA_proxy_overlap,proxy,35,activity,-1.1530076541746133,-1.9808401738082813,-1.5572086625167991,-0.7323326825906412,-0.4864619635682499,,
EA_proxy_overlap,proxy,35,price,-0.0939281952343064,-2.6925724580491144,-1.3385008055955143,1.264339837369318,1.990223031534588,,
EA_proxy_overlap,proxy,35,fx,2.818594978419946,2.3529463724198645,2.5526830957048054,3.100403990669427,3.2863464110767353,,
EA_proxy_overlap,proxy,36,activity,-1.1401155353905872,-1.929551014804136,-1.524967758051258,-0.7432502363439799,-0.4981626917582022,,
EA_proxy_overlap,proxy,36,price,-0.1064202828651794,-2.695163531530528,-1.3465293488935897,1.2454739605557157,1.964936529175845,,
EA_proxy_overlap,proxy,36,fx,2.746319038048583,2.285926677927006,2.4775008249291255,3.0295616286707827,3.203194333108719,,
