area,variable,horizon,estimate,lo90,hi90
EA,activity,6,0.1000822234709328,-1.1485356507537148,0.9344642020740926
EA,activity,12,-0.0792273627909739,-1.752890482530348,0.7557392551392417
EA,activity,24,-0.3973702720274796,-1.553571814495211,0.4315324253976418
EA,activity,36,-0.4790676682875717,-1.3195569809099792,0.2994990370628549
EA,price,6,-0.0328641433731713,-0.3796410979051207,0.1481340499947981
EA,price,12,-0.0214003314250376,-0.7470276414179318,0.3088650703906587
EA,price,24,0.0204606820196865,-1.3005340533644103,0.5581610342172145
EA,price,36,0.0549475443802733,-1.6456726471521856,0.7573589187262814
EA,fx,6,3.5554348947397365,1.681067242129941,5.766492644882558
EA,fx,12,3.5642792545789734,1.071154789721576,6.052774428632748
EA,fx,24,3.203678325668434,0.443084891370801,5.686531052054721
EA,fx,36,2.6676415201725896,0.1417162287268241,4.671055605842438
TR,activity,6,-0.1460340208974754,-0.5138053514768423,0.1529014160482132
TR,activity,12,-0.2756999518475421,-0.5901416780450242,0.0925892828602207
TR,activity,24,-0.3577140574542142,-0.6876605908627555,0.095016202405018
TR,activity,36,-0.4191545439797924,-0.7777040027801467,0.1045400568000848
TR,price,6,-0.734225533442381,-1.3342089443263538,-0.2070811634687095
TR,price,12,-1.123653292904678,-1.6809274982738427,-0.3620400428881248
TR,price,24,-1.5783283570476023,-2.451110402967627,-0.3687484018539594
TR,price,36,-1.9199802598849287,-3.1112402762717006,-0.3283181120682154
TR,fx,6,-1.039322822393548,-1.9443548257308272,0.0617113516526264
TR,fx,12,-1.28411054830193,-2.301493158857012,0.2211879820910692
TR,fx,24,-1.6546978491873705,-3.082948590123711,0.3910551174919586
TR,fx,36,-1.9573834775311327,-3.683985559905941,0.4116362709011037
