horizon,estimate,lo90,lo68,hi68,hi90,model,method
0,0.0,0.0,0.0,0.0,0.0,EA_baseline,recursive
1,-0.011278056993252,-0.06294314398562317,-0.042881534396995206,0.0049922523379070695,0.019579981221374554,EA_baseline,recursive
2,-0.0084146828759688,-0.06284789607793079,-0.04293165134476347,0.007472651753702934,0.02198439411269171,EA_baseline,recursive
3,-0.005996861744658601,-0.06425489820849506,-0.04336647693951479,0.009195011105985997,0.024980632474088348,EA_baseline,recursive
4,-0.0039721760786307,-0.06410879094696101,-0.0431814855958533,0.009134310599230264,0.026273386498073713,EA_baseline,recursive
5,-0.002291762637585199,-0.06247119261424949,-0.042641996635139304,0.010076135004329932,0.02803739397166494,EA_baseline,recursive
6,-0.000910603043075997,-0.06188689806157472,-0.04233238345325517,0.010585270032367703,0.028710794756961252,EA_baseline,recursive
7,0.00021234874931409797,-0.0619276069517423,-0.04264302917518497,0.010953094901473311,0.028881760326448215,EA_baseline,recursive
8,0.0011141650282004006,-0.0615869703936797,-0.04162388775161834,0.011772033751907524,0.0277942971675301,EA_baseline,recursive
9,0.0018280380032710992,-0.061172462137461955,-0.04197818790573262,0.012311854467626305,0.02775187252419689,EA_baseline,recursive
10,0.0023834429719451003,-0.059895933689372856,-0.04181141561472996,0.012475510577144525,0.027701322812572655,EA_baseline,recursive
11,0.002806350006304699,-0.058190552764314694,-0.04183854792891499,0.012471611012461564,0.02756281289422172,EA_baseline,recursive
12,0.0031194671890983003,-0.05705917957843983,-0.04080391379218795,0.012791848117673565,0.027356823611539613,EA_baseline,recursive
13,0.0033425018472865997,-0.05618209451929792,-0.04065056752018713,0.012847465970182236,0.0268127993749592,EA_baseline,recursive
14,0.003492429133464701,-0.055669823374481786,-0.04052537499322868,0.011833456675017501,0.025963673949838593,EA_baseline,recursive
15,0.003583759747735199,-0.054923688423870735,-0.04013535039099287,0.01199794814529714,0.02550810987479556,EA_baseline,recursive
16,0.0036288006300633007,-0.0542572525508045,-0.03907647868671322,0.011645351822601634,0.023898890786194973,EA_baseline,recursive
17,0.003637904136805,-0.05398606260967427,-0.038244885244987606,0.010438358700594797,0.023937741256313285,EA_baseline,recursive
18,0.003619702591823096,-0.052618457261069264,-0.03694171620563446,0.010207541571459037,0.02339862184381735,EA_baseline,recursive
19,0.003581326215065404,-0.05228409432915436,-0.03521059978110626,0.010148641509258339,0.022589804569119635,EA_baseline,recursive
20,0.0035286033181347997,-0.049386621273242844,-0.03379032276673825,0.009862073516655728,0.021774081093070687,EA_baseline,recursive
21,0.0034662423516037995,-0.04767071387633379,-0.032984254263643126,0.00991447863286288,0.020985044521466243,EA_baseline,recursive
22,0.0033979959231263002,-0.04591600457868676,-0.03216023393530133,0.009529657247083111,0.020134003776204525,EA_baseline,recursive
23,0.0033268073055857,-0.04424597839495681,-0.030936632316268944,0.009308204834219102,0.019954264216469092,EA_baseline,recursive
24,0.0032549402440302,-0.042539258564045786,-0.029879373066977685,0.009157027810212312,0.020421751617903678,EA_baseline,recursive
25,0.0031840930692722015,-0.04150243195012767,-0.028763371050158745,0.009393116301492864,0.01998200605594838,EA_baseline,recursive
26,0.0031154982522585972,-0.04046445063055328,-0.02757409544094267,0.009379826952340214,0.01988187852124658,EA_baseline,recursive
27,0.003050008601524202,-0.03991770315696782,-0.026676582744712154,0.008953261599517183,0.019471036272605245,EA_baseline,recursive
28,0.0029881713288939966,-0.03906013001503865,-0.025696417261564103,0.00914433323228015,0.018887890329436604,EA_baseline,recursive
29,0.0029302911966567063,-0.03785238130370709,-0.02487949914778462,0.008609889308760076,0.018519308300171115,EA_baseline,recursive
30,0.0028764839215602994,-0.03688966632715458,-0.024155547853867216,0.008093494582482371,0.018857987752509072,EA_baseline,recursive
31,0.0028267209544262997,-0.035660099748789476,-0.023577027347796365,0.007910196808242337,0.018916319452638417,EA_baseline,recursive
32,0.002780866684885294,-0.03424523429903244,-0.022391028553511286,0.00763982848364288,0.018564271894610188,EA_baseline,recursive
33,0.002738709043487206,-0.03331245560799907,-0.021538885650520027,0.00798618265693238,0.01812903776119026,EA_baseline,recursive
34,0.0026999843920135977,-0.0314512433510333,-0.02083303830626017,0.007744109739362112,0.017708000002174908,EA_baseline,recursive
35,0.002664397510189598,-0.029879973710829753,-0.020156791908053088,0.00756758682037649,0.01734214344359151,EA_baseline,recursive
36,0.002631637405418802,-0.02893758696008428,-0.019518400430643706,0.00767540478999523,0.01682732675258359,EA_baseline,recursive
0,-1.0171802074553371e-14,-1.1481932076362396e-14,-6.431692475365895e-15,6.219079255619998e-15,1.2831384196483278e-14,EA_baseline,LP_joint_bootstrap
1,0.36865703272303935,0.07208674731159838,0.1619137585183196,0.42137090710423136,0.49078506228807695,EA_baseline,LP_joint_bootstrap
2,0.043863401208198316,-0.20606689235006284,-0.1262711845314808,0.17032277467517845,0.2517111140208672,EA_baseline,LP_joint_bootstrap
3,-0.1239857310086413,-0.3223703503669764,-0.23256245988009486,0.09392198969660756,0.17631315196511618,EA_baseline,LP_joint_bootstrap
4,0.11651667439395369,-0.18275709940099366,-0.09126955667610125,0.182185771646071,0.24791291655540673,EA_baseline,LP_joint_bootstrap
5,0.258516503040881,-0.16082786104989807,-0.06733693345256543,0.1852193205627092,0.27746814592751784,EA_baseline,LP_joint_bootstrap
6,-0.03700846284063852,-0.21227968884737977,-0.10507872293639448,0.1746990897287328,0.2716023701728039,EA_baseline,LP_joint_bootstrap
7,0.050507904266372305,-0.1995015035565015,-0.12744459800743185,0.1527610706172271,0.25182986993365886,EA_baseline,LP_joint_bootstrap
8,0.08476732138336895,-0.19453766489456822,-0.09705294464485988,0.17331331213248413,0.2620469928709121,EA_baseline,LP_joint_bootstrap
9,0.09665108434444702,-0.21822080454184647,-0.13361966407263945,0.14803402352809142,0.2411166334926256,EA_baseline,LP_joint_bootstrap
10,0.106525097324363,-0.23017792718478053,-0.12146931539519558,0.15176156024533938,0.25385654702636307,EA_baseline,LP_joint_bootstrap
11,0.05718106051801508,-0.2324624569279673,-0.14981826445828553,0.14319048315257984,0.23345891586021056,EA_baseline,LP_joint_bootstrap
12,-0.01863483941345012,-0.23118007082735234,-0.14751042704984973,0.1415144505364472,0.23666641444089614,EA_baseline,LP_joint_bootstrap
13,0.05233135526486943,-0.2563261249958644,-0.17386891663350396,0.12790483771732417,0.2219214643491561,EA_baseline,LP_joint_bootstrap
14,0.20645901043635662,-0.25436248983317744,-0.13885158861254662,0.13680196917167142,0.23965092643318922,EA_baseline,LP_joint_bootstrap
15,0.01745135703818579,-0.2280457074142831,-0.14129222191261562,0.13629728230630347,0.23947379626296933,EA_baseline,LP_joint_bootstrap
16,0.33593681995832925,-0.22424089729930713,-0.13539488685818513,0.14439197136862808,0.23812000506699085,EA_baseline,LP_joint_bootstrap
17,0.14845359263514712,-0.25684779780706146,-0.1411898247581463,0.14915955842420436,0.2518171209125687,EA_baseline,LP_joint_bootstrap
18,0.08179978562911328,-0.26365181127746196,-0.13800941380764747,0.1423306595394438,0.22968142170290334,EA_baseline,LP_joint_bootstrap
19,0.14081520857140561,-0.27542628770695654,-0.16143510728150268,0.1391214984663376,0.2309381195614725,EA_baseline,LP_joint_bootstrap
20,0.28679134680964746,-0.28709616924363757,-0.17352995569826088,0.14297386412076882,0.26469306204018944,EA_baseline,LP_joint_bootstrap
21,0.0555730622879449,-0.27245959233363337,-0.17261920144863618,0.14341564043771937,0.2673398321892323,EA_baseline,LP_joint_bootstrap
22,0.21812439275012174,-0.27464864560799956,-0.16913660457472268,0.13657761329554818,0.24282818870981623,EA_baseline,LP_joint_bootstrap
23,0.27813616607800595,-0.27560884527499324,-0.1656185829482023,0.13059776700781658,0.25082187466153055,EA_baseline,LP_joint_bootstrap
24,0.08708448822809389,-0.2537924188862201,-0.1560356692240778,0.13019802606009273,0.2473248055435736,EA_baseline,LP_joint_bootstrap
25,0.10986493520678398,-0.29768281103929217,-0.19334124515138215,0.14471745204199166,0.24562287359353238,EA_baseline,LP_joint_bootstrap
26,0.06986753625655151,-0.2948168310074219,-0.17630488891886234,0.15631465699754885,0.2632148559575773,EA_baseline,LP_joint_bootstrap
27,-0.1020463309837134,-0.2588947218956929,-0.14706453267676517,0.14496761320520876,0.24530580150942974,EA_baseline,LP_joint_bootstrap
28,0.0756935102428078,-0.2683477882271409,-0.17019370128134692,0.15769141023116964,0.2632874727901414,EA_baseline,LP_joint_bootstrap
29,0.0877982571537923,-0.2781667913362995,-0.16209317076321814,0.15656830811841288,0.24183025435548308,EA_baseline,LP_joint_bootstrap
30,0.005347467791475324,-0.2958579372611754,-0.18500918170794667,0.14528813623057474,0.2642881458935935,EA_baseline,LP_joint_bootstrap
31,0.028312294239924984,-0.3184785334656391,-0.18155727537656052,0.16161764715282675,0.2734465722665433,EA_baseline,LP_joint_bootstrap
32,0.3494252108484712,-0.27662246721540784,-0.1650756139715172,0.15985052839638655,0.27706002128904333,EA_baseline,LP_joint_bootstrap
33,0.1773423392781388,-0.32240486310245403,-0.16931497786286764,0.13497046382442807,0.29635654240563336,EA_baseline,LP_joint_bootstrap
34,0.18955022222702134,-0.3118706502501796,-0.17141455333762093,0.1568371725985791,0.24431842893931827,EA_baseline,LP_joint_bootstrap
35,-0.08634739763746291,-0.31591860226511004,-0.20010313739848534,0.15662339581244328,0.2734564339507779,EA_baseline,LP_joint_bootstrap
36,-0.25164304848543395,-0.28100820190822823,-0.16886815775839653,0.15743178950141684,0.30018601393091066,EA_baseline,LP_joint_bootstrap
0,0.0,0.0,0.0,0.0,0.0,TR_baseline,recursive
1,0.0044338988590014,-0.2029035135961285,-0.1347876993609515,0.0680704482758454,0.11935925101797384,TR_baseline,recursive
2,-0.11755776750047531,-0.36504626603426465,-0.27857105697280987,-0.049743264392456764,-0.001479399120275824,TR_baseline,recursive
3,-0.185516448130493,-0.3519715841855732,-0.27960400956161496,-0.12123702595703276,-0.07575503384578242,TR_baseline,recursive
4,-0.1799358543664809,-0.26917744761755663,-0.21891266069469473,-0.09865452597231562,-0.05746943298063591,TR_baseline,recursive
5,-0.14463447314024785,-0.212924252369053,-0.16657658669661526,-0.04477980510373862,0.0013592585576050452,TR_baseline,recursive
6,-0.11101488916368529,-0.16539375455704164,-0.12845219617094103,-0.013374356649280272,0.02662991964611216,TR_baseline,recursive
7,-0.08766704247558932,-0.14746886769512968,-0.10802543661641358,-0.004171692194879328,0.03818779949057587,TR_baseline,recursive
8,-0.07316713405972497,-0.13109238816834753,-0.09626571907523179,-0.005875377000582395,0.02660464638860108,TR_baseline,recursive
9,-0.06427416559764931,-0.11842625853455312,-0.0888672427846243,-0.008054007402425116,0.01745713852474522,TR_baseline,recursive
10,-0.05854858835133181,-0.10839954183157359,-0.08297590943712933,-0.010890612150229205,0.014187793460108917,TR_baseline,recursive
11,-0.05449414116078821,-0.10027454842424448,-0.07783613468761054,-0.012617521604587721,0.00914337467780323,TR_baseline,recursive
12,-0.05127668781721351,-0.09271800459134365,-0.07346111332989548,-0.012393495259517644,0.005937300526225208,TR_baseline,recursive
13,-0.04847617981415242,-0.08703192009626212,-0.06967458488890557,-0.010824072706082495,0.004974968337042509,TR_baseline,recursive
14,-0.045915878560145895,-0.08377073565025257,-0.06539729932581664,-0.010234536117395544,0.0053220669710171715,TR_baseline,recursive
15,-0.04354358387761903,-0.07943840896969763,-0.06119782520885599,-0.010480955674144346,0.003781370492683217,TR_baseline,recursive
16,-0.04135776820238379,-0.07588298518818473,-0.05827788079367453,-0.010358462530207673,0.0033872033883073564,TR_baseline,recursive
17,-0.03936864040293386,-0.0733628776809198,-0.055845224212586135,-0.01074173562286296,0.003590221881251679,TR_baseline,recursive
18,-0.03758222442988002,-0.07093600256313284,-0.05316396709678627,-0.009692777919860816,0.0030284377750308925,TR_baseline,recursive
19,-0.035996555950162934,-0.06840493957582891,-0.05163524400910287,-0.008883296079610527,0.0030299890898295933,TR_baseline,recursive
20,-0.03460290977128677,-0.06617925352760627,-0.04928359672206082,-0.008341792370436474,0.003377696336251354,TR_baseline,recursive
21,-0.03338832541668468,-0.0645057135480275,-0.047475129307635755,-0.007893355591861582,0.004221675849628702,TR_baseline,recursive
22,-0.03233788302244944,-0.06339515325228287,-0.0459742838968291,-0.007908670898892129,0.005200705494234545,TR_baseline,recursive
23,-0.03143629136323267,-0.06252528953457112,-0.045169070472330895,-0.0073255109864345715,0.005292199704895474,TR_baseline,recursive
24,-0.030668823331992723,-0.06178030225527753,-0.04452791390007202,-0.007336718868699723,0.005484964684190981,TR_baseline,recursive
25,-0.030021777686148443,-0.06113441823321357,-0.04400468968218757,-0.006874122331907105,0.005106238171701495,TR_baseline,recursive
26,-0.02948264760612318,-0.06037783893161706,-0.043198535719057796,-0.006286566474659629,0.004924613555195725,TR_baseline,recursive
27,-0.02904013066563116,-0.05984693661167486,-0.042597857954393456,-0.0056537811461553214,0.0047521624043482275,TR_baseline,recursive
28,-0.02868406509957433,-0.05930584714896261,-0.04231457947609094,-0.005531366061634924,0.005253539661764376,TR_baseline,recursive
29,-0.028405339166504007,-0.058542411561174075,-0.0417362993263527,-0.005416493287376245,0.004901082232114569,TR_baseline,recursive
30,-0.02819579612148715,-0.0587307426333914,-0.04169137051406453,-0.005094531242921143,0.004722839496807247,TR_baseline,recursive
31,-0.028048143862105412,-0.058509010226567425,-0.04160360975275832,-0.005026157643844043,0.004997094771332576,TR_baseline,recursive
32,-0.027955871841208957,-0.05840663551840181,-0.04162240329711203,-0.004692176290096866,0.005159325451650375,TR_baseline,recursive
33,-0.027913175251255362,-0.05770583318122586,-0.041348129550302516,-0.004557022152500664,0.005281994326646915,TR_baseline,recursive
34,-0.02791488575687273,-0.0572507088296875,-0.04113387543893914,-0.004549743552487388,0.005375574248218683,TR_baseline,recursive
35,-0.027956408054284898,-0.05773024141136882,-0.04134510389184763,-0.004233992499044555,0.005467879712655501,TR_baseline,recursive
36,-0.028033661726130754,-0.05825925590258722,-0.041400999803845887,-0.003947287418736867,0.005333431182340466,TR_baseline,recursive
0,-5.96977009234888e-18,-2.4251440275404672e-17,-1.1858943839729494e-17,1.022127014789059e-17,2.1194364990057002e-17,TR_baseline,LP_joint_bootstrap
1,-0.054174556018115196,-0.30472837957384,-0.1985329207289719,0.06135098113912781,0.11627138112962548,TR_baseline,LP_joint_bootstrap
2,-0.16399665424007137,-0.4340947934643703,-0.30310958139676203,-0.02232336192663536,0.05697943436406481,TR_baseline,LP_joint_bootstrap
3,-0.1286030256112825,-0.29953031584438616,-0.2358570056908589,-0.002459255770153825,0.07973924578147704,TR_baseline,LP_joint_bootstrap
4,-0.015675644538967803,-0.27960266310112997,-0.19763644576019715,0.07638573436121367,0.14765422170751896,TR_baseline,LP_joint_bootstrap
5,-0.012524764551893386,-0.28289357007906857,-0.1996273158147493,0.041391445299862835,0.14002231719716185,TR_baseline,LP_joint_bootstrap
6,-0.0032261564810660004,-0.30971919745819876,-0.22179926343861736,0.029253333530048792,0.10547151119156288,TR_baseline,LP_joint_bootstrap
7,-0.07102642931072922,-0.29218956105718574,-0.19865405075931153,0.05297891077670062,0.13847215641426822,TR_baseline,LP_joint_bootstrap
8,-0.05106704685493074,-0.2676358284536366,-0.18155288181048151,0.06453554401057998,0.14633102938487022,TR_baseline,LP_joint_bootstrap
9,0.03789477717740464,-0.2669158698917884,-0.1810412054704245,0.07700243436032753,0.17113265595213897,TR_baseline,LP_joint_bootstrap
10,0.043890236611979605,-0.2683171343205448,-0.18191458329974983,0.07174174859576296,0.1661040249078749,TR_baseline,LP_joint_bootstrap
11,0.0709062722261597,-0.26212252655110213,-0.17667819152111963,0.07482452935363927,0.16726015537129005,TR_baseline,LP_joint_bootstrap
12,0.07273509158732033,-0.2623542637593982,-0.16495791256616893,0.06972967700685988,0.16501308090731584,TR_baseline,LP_joint_bootstrap
13,0.061191207125917885,-0.2527002642108644,-0.16042566157853277,0.09728998876345592,0.18990730005727757,TR_baseline,LP_joint_bootstrap
14,0.1845842940935059,-0.24966455570743207,-0.1481537202261261,0.1142539600980253,0.2117865578464767,TR_baseline,LP_joint_bootstrap
15,0.031971864993994,-0.2360174956951196,-0.14845739234815752,0.11436180879342847,0.21702689094412977,TR_baseline,LP_joint_bootstrap
16,0.1754567504533775,-0.2604972779818442,-0.13613349053363344,0.10955310033843355,0.2025285074288335,TR_baseline,LP_joint_bootstrap
17,0.14574786660315692,-0.22586440769732088,-0.12752652127134464,0.12302082059586436,0.21858344022200543,TR_baseline,LP_joint_bootstrap
18,0.02184096349520037,-0.23650994239628842,-0.1316879263719534,0.12637640121741647,0.23250489468865987,TR_baseline,LP_joint_bootstrap
19,-0.07185129435432647,-0.20730705965134896,-0.12356558653550452,0.13192155379577436,0.24111408057572653,TR_baseline,LP_joint_bootstrap
20,-0.1814921688931621,-0.22275640157626245,-0.11987524402041343,0.1328038043651939,0.22089320973747625,TR_baseline,LP_joint_bootstrap
21,-0.10253716948473769,-0.24459395611834767,-0.14108602273722512,0.13576784604120762,0.23734231157441268,TR_baseline,LP_joint_bootstrap
22,-0.006398965604711801,-0.24122602991286535,-0.13935716882614557,0.13568047335142597,0.2249337597121991,TR_baseline,LP_joint_bootstrap
23,-0.13818437492597388,-0.22390520623851032,-0.13506538262470044,0.14164468753441894,0.24130971147361624,TR_baseline,LP_joint_bootstrap
24,-0.043657405640420005,-0.23461630472138784,-0.12824690646756168,0.13329582467603426,0.21963505700840188,TR_baseline,LP_joint_bootstrap
25,-0.23022087288016488,-0.20840773723692324,-0.11003135474392066,0.15757692178032287,0.23739551693800048,TR_baseline,LP_joint_bootstrap
26,-0.19348426822544434,-0.21140203655669548,-0.11699503944368649,0.1524704989615159,0.28414930474938505,TR_baseline,LP_joint_bootstrap
27,-0.19713874298314593,-0.21596329941128903,-0.1285013589131057,0.15850440804992003,0.2420744410732185,TR_baseline,LP_joint_bootstrap
28,-0.28683649131093447,-0.24118974321621228,-0.1478248972214744,0.14799444510356594,0.23341414916603262,TR_baseline,LP_joint_bootstrap
29,-0.1262556961750092,-0.24207152702098905,-0.13592292757405508,0.1374778539353215,0.2526769596813951,TR_baseline,LP_joint_bootstrap
30,-0.09827050447374908,-0.2274000456120595,-0.1305515504900976,0.15510316496470378,0.2566448182208163,TR_baseline,LP_joint_bootstrap
31,-0.0702923183220705,-0.2439556952377854,-0.13467608116900368,0.13759726882539883,0.2491342699726479,TR_baseline,LP_joint_bootstrap
32,-0.1452091834582081,-0.23957594190094164,-0.14118054775517522,0.15820830251980372,0.258286222747391,TR_baseline,LP_joint_bootstrap
33,0.18922718761920265,-0.2514819268710284,-0.1486559547652687,0.15094258912602265,0.24839159990166895,TR_baseline,LP_joint_bootstrap
34,0.12106713964004023,-0.21902298021410094,-0.13881999114718746,0.14620136049094806,0.2716200480735053,TR_baseline,LP_joint_bootstrap
35,0.31121464700130463,-0.26997789789271515,-0.15555882252920483,0.14576836443392274,0.2318674437119587,TR_baseline,LP_joint_bootstrap
36,0.44700637894764317,-0.2579493029174956,-0.1595283339264422,0.1346064911563636,0.2810872754468958,TR_baseline,LP_joint_bootstrap
