model,lag,nobs_common,nparams,AIC,BIC,HQ
EA_baseline,1,251,108,-2.80706602213095,-1.2901380642575129,-2.1966162676328143
EA_baseline,2,251,144,-3.0797643638149994,-1.0571937533170837,-2.2658313578174853
EA_baseline,3,251,180,-3.0005350063424223,-0.47232174322002773,-1.9831187488455302
EA_baseline,4,251,216,-2.9573245795383425,0.07653133620853136,-1.7364250705420718
EA_baseline,5,251,252,-2.8584478408820084,0.6810507274893434,-1.4340650803863593
EA_baseline,6,251,288,-2.821592360212613,1.2235488607832181,-1.1937263482175853
EA_baseline,7,251,324,-2.80294460052114,1.7478392730991699,-0.9715953370267334
EA_baseline,8,251,360,-2.6203401908662025,2.4360863353785867,-0.5855076758724183
EA_baseline,9,251,396,-2.550554981350328,3.01151419751894,-0.3122392148571649
EA_baseline,10,251,432,-2.5133722879699776,3.5543395435237706,-0.07157326997743585
EA_baseline,11,251,468,-2.485486365503459,4.087868118614768,0.15979590398846089
EA_baseline,12,251,504,-2.4157290301105805,4.663268106632123,0.43303649088071783
TR_baseline,1,175,121,3.774002823924871,5.962226268751987,4.661608576350442
TR_baseline,2,175,158,2.029038659988244,4.886388282159189,3.1880610474530386
TR_baseline,3,175,195,1.9407730330788775,5.467248832593651,3.3712120555828964
TR_baseline,4,175,232,1.967369103395488,6.162971080254091,3.6692247609387314
TR_baseline,5,175,269,1.9870272225752525,6.851755376777683,3.960299515157719
TR_baseline,6,175,306,1.9706098279958744,7.504464159542134,4.215298755617566
TR_baseline,7,175,343,2.1101266621878043,8.313107171077892,4.62623222484872
TR_baseline,8,175,380,2.208536354159252,9.08064304039317,4.996058551859392
TR_baseline,9,175,417,2.252851238565001,9.794084102142747,5.311790071304365
TR_baseline,10,175,454,2.3976280304148045,10.60798707133638,5.727983498193392
TR_baseline,11,175,491,2.3584013455683284,11.237886563833733,5.960173448386141
TR_baseline,12,175,528,2.3170614318615335,11.865672827470766,6.190250169718569
TR_announced,1,235,121,3.5742987329181215,5.35561723169022,4.292444415637247
TR_announced,2,235,158,2.0991627869493548,4.425181983693087,3.0369067362850726
TR_announced,3,235,195,2.044985021985365,4.915704916700731,3.2023272379376753
TR_announced,4,235,232,2.108932880747068,5.524353473434068,3.48587336331597
TR_announced,5,235,269,2.1436077517341214,6.103729042392755,3.740146500919616
TR_announced,6,235,306,2.222645733337576,6.727467721967843,4.038782749139662
TR_announced,7,235,343,2.3703020921311104,7.419824778733011,4.40603737454979
TR_announced,8,235,380,2.4565013026505995,8.050724687224132,4.711834851685871
TR_announced,9,235,417,2.5589729870245153,8.697897069569681,5.0339048026763775
TR_announced,10,235,454,2.7285050855455535,9.412129866062354,5.4230351678140085
TR_announced,11,235,491,2.820125294819319,10.048450773307753,5.734253643704366
TR_announced,12,235,528,2.9402696453771684,10.713295821837235,6.073996260878808
EA_overnight_long,1,229,114,-5.264430091127863,-3.5550662989654906,-4.574830300629873
EA_overnight_long,2,229,150,-5.462634986991611,-3.2134721025674358,-4.555266841599519
EA_overnight_long,3,229,186,-5.502780503726521,-2.7138185270405444,-4.377644003440327
EA_overnight_long,4,229,222,-5.415487595564693,-2.086726526616915,-4.072582740384398
EA_overnight_long,5,229,258,-5.297569719988015,-1.4290095587784348,-3.7368965099136178
EA_overnight_long,6,229,294,-5.234414932638315,-0.8260556791669327,-3.4559733676698157
EA_overnight_long,7,229,330,-5.246226834958361,-0.2980684892251775,-3.2500169150957587
EA_overnight_long,8,229,366,-5.099855543789652,0.3881018942053345,-2.8858772690329486
EA_overnight_long,9,229,402,-5.147792025885048,0.8799645043717401,-2.716045396234243
EA_overnight_long,10,229,438,-5.052940009591122,1.514615612927468,-2.4034250250462152
EA_overnight_long,11,229,474,-5.0978964909971864,2.0094582237832057,-2.2306131515581775
EA_overnight_long,12,229,510,-5.060239386120374,2.5869144209218184,-1.9751876917872622
EA_bundesbank_long,1,308,108,-2.7911283116935452,-1.4831712449365777,-2.268146766055194
EA_bundesbank_long,2,308,144,-3.1095171159912076,-1.3655743603152506,-2.412208388473406
EA_bundesbank_long,3,308,180,-3.045936045160948,-0.8660076005660016,-2.174300135763696
EA_bundesbank_long,4,308,216,-2.980749099204651,-0.36483496569071594,-1.9347860079279489
EA_bundesbank_long,5,308,252,-2.9187201957893274,0.13317962664359673,-1.6984299226331747
EA_bundesbank_long,6,308,288,-2.890605913145105,0.5972795982068089,-1.495988458109502
EA_bundesbank_long,7,308,324,-2.8940658874194662,1.0298053128514368,-1.3251212505044134
EA_bundesbank_long,8,308,360,-2.7360874291629087,1.6237694600269839,-0.9928156103684049
EA_bundesbank_long,9,308,396,-2.694705564792877,2.1011370133160048,-0.777106564118923
EA_bundesbank_long,10,308,432,-2.636131184433566,2.595697082594304,-0.5442050018801616
EA_bundesbank_long,11,308,468,-2.5726460461829865,3.0951679097638722,-0.3063926817501317
EA_bundesbank_long,12,308,504,-2.454303099126808,3.6494965457390407,-0.013722552814502187
EA_overnight_common,1,251,114,-3.2123238436805774,-1.611122110369728,-2.5679602139325457
EA_overnight_common,2,251,150,-3.9010692916825764,-1.7942249057472472,-3.053222410435166
EA_overnight_common,3,251,186,-3.896481411598448,-1.2839943730386407,-2.845151278851659
EA_overnight_common,4,251,222,-3.8311392451835244,-0.713009553999238,-2.5763258609373576
EA_overnight_common,5,251,258,-3.6742730253259595,-0.050500681517193335,-2.215976389580414
EA_overnight_common,6,251,294,-3.589137496397624,0.5402775000356206,-1.9273576091526996
EA_overnight_common,7,251,330,-3.607079397758113,1.0279782512996105,-1.7418162590138104
EA_overnight_common,8,251,366,-3.4390578280114346,1.701642473670768,-1.3703114377677537
EA_overnight_common,9,251,402,-3.4202578732410025,2.226085081065677,-1.1480282314979426
EA_overnight_common,10,251,438,-3.3783560070292133,2.7736295999019465,-0.9026431137867759
EA_overnight_common,11,251,474,-3.3651870947265348,3.2924411648291034,-0.6859909499847188
EA_overnight_common,12,251,510,-3.2858036373712354,3.8774672748088816,-0.4031242411300404
EA_core,1,251,108,-2.703891709589625,-1.186963751716188,-2.09344195509149
EA_core,2,251,144,-2.934503885051015,-0.9119332745530992,-2.120570879053501
EA_core,3,251,180,-2.856694305084757,-0.3284810419623625,-1.839278047587865
EA_core,4,251,216,-2.795088305806141,0.23876760994073276,-1.5741887968098704
EA_core,5,251,252,-2.728066748150594,0.8114318202207578,-1.3036839876549449
EA_core,6,251,288,-2.7311141128076666,1.3140271081881645,-1.103248100812639
EA_core,7,251,324,-2.7030311328973515,1.8477527407229584,-0.8716818694029449
EA_core,8,251,360,-2.5910062531289144,2.4654202731158747,-0.5561737381351302
EA_core,9,251,396,-2.5198580725609974,3.0422111063082706,-0.28154230606783415
EA_core,10,251,432,-2.5504082414476836,3.5173035900460645,-0.1086092234551419
EA_core,11,251,468,-2.4336477339901488,4.139706750128078,0.21163453550177103
EA_core,12,251,504,-2.3376115860221827,4.741385550720521,0.5111539349691157
TR_core_b,1,175,121,3.935431341873734,6.12365478670085,4.8230370942993055
TR_core_b,2,175,158,2.176455304393788,5.033804926564733,3.335477691858583
TR_core_b,3,175,195,2.052182287043875,5.578658086558648,3.482621309547894
TR_core_b,4,175,232,2.110605533545285,6.306207510403888,3.812461191088528
TR_core_b,5,175,269,2.1425508500870274,7.007279004289458,4.115823142669495
TR_core_b,6,175,306,2.1374935454866764,7.671347877032936,4.382182473108368
TR_core_b,7,175,343,2.2974693229900205,8.500449831880108,4.813574885650937
TR_core_b,8,175,380,2.393998093789959,9.266104780023877,5.181520291490099
TR_core_b,9,175,417,2.458223536292007,9.999456399869754,5.517162369031372
TR_core_b,10,175,454,2.5571958527529026,10.767554893674479,5.887551320531491
TR_core_b,11,175,491,2.51060661016299,11.390091828428396,6.112378712980803
TR_core_b,12,175,528,2.486503645836115,12.035115041445348,6.359692383693151
TR_core_c,1,175,121,4.029678777166807,6.217902221993922,4.9172845295923775
TR_core_c,2,175,158,2.28768426902204,5.145033891192984,3.4467066564868345
TR_core_c,3,175,195,2.1682899098363206,5.694765709351094,3.5987289323403395
TR_core_c,4,175,232,2.223102187235968,6.418704164094571,3.924957844779211
TR_core_c,5,175,269,2.250705481788277,7.1154336359907076,4.223977774370744
TR_core_c,6,175,306,2.2401900793274647,7.774044410873724,4.484879006949156
TR_core_c,7,175,343,2.4042225703614397,8.607203079251528,4.920328133022355
TR_core_c,8,175,380,2.5169665630758997,9.389073249309817,5.30448876077604
TR_core_c,9,175,417,2.6024221153409246,10.14365497891867,5.661360948080288
TR_core_c,10,175,454,2.691152410346847,10.901511451268423,6.021507878125435
TR_core_c,11,175,491,2.6719969380786655,11.551482156344072,6.273769040896478
TR_core_c,12,175,528,2.5529600965028445,12.101571492112077,6.42614883435988
EA_growth,1,251,108,-2.6965312780149766,-1.1796033201415397,-2.0860815235168415
EA_growth,2,251,144,-2.7427244345642015,-0.7201538240662857,-1.9287914285666874
EA_growth,3,251,180,-2.7486241112896344,-0.22041084816723977,-1.7312078537927422
EA_growth,4,251,216,-2.693929610531436,0.339926305215438,-1.4730301015351652
EA_growth,5,251,252,-2.5970896197479796,0.9424089486233722,-1.1727068592523304
EA_growth,6,251,288,-2.6228515425862997,1.4222896784095314,-0.994985530591272
EA_growth,7,251,324,-2.4812598004453483,2.0695240731749616,-0.6499105369509417
EA_growth,8,251,360,-2.368671005967478,2.687755520277311,-0.3338384909736938
EA_growth,9,251,396,-2.3432446073312505,3.2188245715380175,-0.10492884083808729
EA_growth,10,251,432,-2.2714355608201484,3.7962762706735997,0.17036345717239332
EA_growth,11,251,468,-2.2234019085425776,4.349952575575649,0.4218803609493422
EA_growth,12,251,504,-2.1751865048018004,4.903810631940903,0.6735790161894979
TR_growth,1,175,121,3.631308164075099,5.819531608902214,4.51891391650067
TR_growth,2,175,158,2.429422033234925,5.28677165540587,3.5884444206997195
TR_growth,3,175,195,2.1964338403699735,5.7229096398847465,3.6268728628739924
TR_growth,4,175,232,2.1457955996189755,6.341397576477578,3.8476512571622186
TR_growth,5,175,269,2.1368235292944195,7.001551683496849,4.110095821876886
TR_growth,6,175,306,2.150072491197351,7.683926822743611,4.3947614188190425
TR_growth,7,175,343,2.314944728630479,8.517925237520567,4.831050291291395
TR_growth,8,175,380,2.4389402551219366,9.311046941355855,5.226462452822076
TR_growth,9,175,417,2.513699619037058,10.054932482614804,5.572638451776422
TR_growth,10,175,454,2.4683353257856706,10.678694366707246,5.798690793564258
TR_growth,11,175,491,2.593772048552914,11.473257266818319,6.195544151370727
TR_growth,12,175,528,2.4499521125640498,11.998563508173282,6.323140850421085
TR_levels_comparison,1,175,121,4.063509373435806,6.251732818262921,4.951115125861376
TR_levels_comparison,2,175,158,1.9711181730233396,4.8284677951942845,3.130140560488134
TR_levels_comparison,3,175,195,1.8619253757833372,5.38840117529811,3.292364398287356
TR_levels_comparison,4,175,232,1.8947645575679712,6.090366534426574,3.5966202151112143
TR_levels_comparison,5,175,269,1.949457836744488,6.8141859909469185,3.922730129326955
TR_levels_comparison,6,175,306,1.8821271606115393,7.415981492157799,4.12681608823323
TR_levels_comparison,7,175,343,2.0717928654514095,8.274773374341498,4.587898428112325
TR_levels_comparison,8,175,380,2.188821369879881,9.060928056113799,4.97634356758002
TR_levels_comparison,9,175,417,2.1198548187202277,9.661087682297975,5.178793651459592
TR_levels_comparison,10,175,454,2.1841066023251186,10.394465643246694,5.514462070103707
TR_levels_comparison,11,175,491,2.1998497338324134,11.079334952097819,5.8016218366502255
TR_levels_comparison,12,175,528,2.096636961063558,11.645248356672791,5.969825698920594
TR_regime_1,1,87,121,-4.787839731643595,-1.3582433827102083,-3.4068470387261787
TR_regime_1,2,87,158,-4.929875243853282,-0.4515593502047288,-3.126595529134671
TR_regime_2,1,58,121,6.561554492794656,10.860064911348392,8.23591111729973
TR_regime_2,2,58,158,4.248736764895834,9.861667724660217,6.435086737390064
