variable,sample,transform,test,statistic,pvalue,lags,warnings,break_month
tr_cpi,2006-01:2026-07,level,ADF_c,3.2150919827592332,1.0,3,"['adfuller currently returns a plain tuple whose length depends on the store and autolag arguments. In release 0.16 or after July 2027, whichever is later, the default behavior will switch to always returning an ADFullerResult. Set result_object=True to switch now, or result_object=False to keep the current behavior and silence this warning.']",
tr_cpi,2006-01:2026-07,level,KPSS_c,2.0500847915506477,0.01,10,"['The test statistic is outside of the range of p-values available in the look-up table. The actual p-value is smaller than the p-value returned.', 'kpss currently returns a plain tuple whose length and layout depends on the store argument (and which silently drops `lags` when store=True). In release 0.16 or after July 2027, whichever is later, the default behavior will switch to always returning a KPSSResult. Set result_object=True to switch now, or result_object=False to keep the current behavior and silence this warning.']",
tr_cpi,2006-01:2026-07,level,PP_c,4.554217145279418,1.0,16,[],
tr_cpi,2006-01:2026-07,level,ZA_c,-5.9129177737392595,0.0009158133375308486,3,[],2021-11
tr_cpi,2006-01:2026-07,level,ADF_ct,0.45656820674172915,0.996762791930279,3,"['adfuller currently returns a plain tuple whose length depends on the store and autolag arguments. In release 0.16 or after July 2027, whichever is later, the default behavior will switch to always returning an ADFullerResult. Set result_object=True to switch now, or result_object=False to keep the current behavior and silence this warning.']",
tr_cpi,2006-01:2026-07,level,KPSS_ct,0.5106068195484623,0.01,10,"['The test statistic is outside of the range of p-values available in the look-up table. The actual p-value is smaller than the p-value returned.', 'kpss currently returns a plain tuple whose length and layout depends on the store argument (and which silently drops `lags` when store=True). In release 0.16 or after July 2027, whichever is later, the default behavior will switch to always returning a KPSSResult. Set result_object=True to switch now, or result_object=False to keep the current behavior and silence this warning.']",
tr_cpi,2006-01:2026-07,level,PP_ct,0.7790436854537751,1.0,16,[],
tr_cpi,2006-01:2026-07,level,ZA_ct,-4.03320062255651,0.4813598745348234,3,[],2018-09
tr_cpi,2006-01:2026-07,first_difference,ADF_c,-2.784908927891741,0.06046196418145493,5,"['adfuller currently returns a plain tuple whose length depends on the store and autolag arguments. In release 0.16 or after July 2027, whichever is later, the default behavior will switch to always returning an ADFullerResult. Set result_object=True to switch now, or result_object=False to keep the current behavior and silence this warning.']",
tr_cpi,2006-01:2026-07,first_difference,KPSS_c,1.4959893840105525,0.01,8,"['The test statistic is outside of the range of p-values available in the look-up table. The actual p-value is smaller than the p-value returned.', 'kpss currently returns a plain tuple whose length and layout depends on the store argument (and which silently drops `lags` when store=True). In release 0.16 or after July 2027, whichever is later, the default behavior will switch to always returning a KPSSResult. Set result_object=True to switch now, or result_object=False to keep the current behavior and silence this warning.']",
tr_cpi,2006-01:2026-07,first_difference,PP_c,-8.996037033462656,6.6908934848226e-15,16,[],
tr_cpi,2006-01:2026-07,first_difference,ZA_c,-7.430573915183145,1e-05,2,[],2021-09
tr_cpi,2006-01:2026-07,first_difference,ADF_ct,-5.785613986298383,6.124748167395882e-06,2,"['adfuller currently returns a plain tuple whose length depends on the store and autolag arguments. In release 0.16 or after July 2027, whichever is later, the default behavior will switch to always returning an ADFullerResult. Set result_object=True to switch now, or result_object=False to keep the current behavior and silence this warning.']",
tr_cpi,2006-01:2026-07,first_difference,KPSS_ct,0.232803065336244,0.01,7,"['The test statistic is outside of the range of p-values available in the look-up table. The actual p-value is smaller than the p-value returned.', 'kpss currently returns a plain tuple whose length and layout depends on the store argument (and which silently drops `lags` when store=True). In release 0.16 or after July 2027, whichever is later, the default behavior will switch to always returning a KPSSResult. Set result_object=True to switch now, or result_object=False to keep the current behavior and silence this warning.']",
tr_cpi,2006-01:2026-07,first_difference,PP_ct,-9.725125754352304,8.957463879154369e-15,16,[],
tr_cpi,2006-01:2026-07,first_difference,ZA_ct,-9.372700765324181,0.0009082678401448285,2,[],2021-11
usdtry,2006-01:2026-07,level,ADF_c,2.239773179026837,0.998913667311222,2,"['adfuller currently returns a plain tuple whose length depends on the store and autolag arguments. In release 0.16 or after July 2027, whichever is later, the default behavior will switch to always returning an ADFullerResult. Set result_object=True to switch now, or result_object=False to keep the current behavior and silence this warning.']",
usdtry,2006-01:2026-07,level,KPSS_c,2.1638481558029787,0.01,10,"['The test statistic is outside of the range of p-values available in the look-up table. The actual p-value is smaller than the p-value returned.', 'kpss currently returns a plain tuple whose length and layout depends on the store argument (and which silently drops `lags` when store=True). In release 0.16 or after July 2027, whichever is later, the default behavior will switch to always returning a KPSSResult. Set result_object=True to switch now, or result_object=False to keep the current behavior and silence this warning.']",
usdtry,2006-01:2026-07,level,PP_c,2.5245127216077896,0.999057330978499,16,[],
usdtry,2006-01:2026-07,level,ZA_c,-4.306351700163473,0.1892948462692192,2,[],2021-09
usdtry,2006-01:2026-07,level,ADF_ct,-1.4445917021009247,0.8473434125664667,2,"['adfuller currently returns a plain tuple whose length depends on the store and autolag arguments. In release 0.16 or after July 2027, whichever is later, the default behavior will switch to always returning an ADFullerResult. Set result_object=True to switch now, or result_object=False to keep the current behavior and silence this warning.']",
usdtry,2006-01:2026-07,level,KPSS_ct,0.5517970689515571,0.01,10,"['The test statistic is outside of the range of p-values available in the look-up table. The actual p-value is smaller than the p-value returned.', 'kpss currently returns a plain tuple whose length and layout depends on the store argument (and which silently drops `lags` when store=True). In release 0.16 or after July 2027, whichever is later, the default behavior will switch to always returning a KPSSResult. Set result_object=True to switch now, or result_object=False to keep the current behavior and silence this warning.']",
usdtry,2006-01:2026-07,level,PP_ct,-1.383200865460925,0.8657770411930739,16,[],
usdtry,2006-01:2026-07,level,ZA_ct,-2.996111525331903,0.9649690545473913,2,[],2015-09
usdtry,2006-01:2026-07,first_difference,ADF_c,-11.019257611940715,6.045661611063307e-20,1,"['adfuller currently returns a plain tuple whose length depends on the store and autolag arguments. In release 0.16 or after July 2027, whichever is later, the default behavior will switch to always returning an ADFullerResult. Set result_object=True to switch now, or result_object=False to keep the current behavior and silence this warning.']",
usdtry,2006-01:2026-07,first_difference,KPSS_c,0.8397525295265766,0.01,2,"['The test statistic is outside of the range of p-values available in the look-up table. The actual p-value is smaller than the p-value returned.', 'kpss currently returns a plain tuple whose length and layout depends on the store argument (and which silently drops `lags` when store=True). In release 0.16 or after July 2027, whichever is later, the default behavior will switch to always returning a KPSSResult. Set result_object=True to switch now, or result_object=False to keep the current behavior and silence this warning.']",
usdtry,2006-01:2026-07,first_difference,PP_c,-10.032902733392822,1.5678640569487588e-17,16,[],
usdtry,2006-01:2026-07,first_difference,ZA_c,-11.752271875696584,1e-05,1,[],2023-07
usdtry,2006-01:2026-07,first_difference,ADF_ct,-11.54885718087356,2.2105571120408106e-18,1,"['adfuller currently returns a plain tuple whose length depends on the store and autolag arguments. In release 0.16 or after July 2027, whichever is later, the default behavior will switch to always returning an ADFullerResult. Set result_object=True to switch now, or result_object=False to keep the current behavior and silence this warning.']",
usdtry,2006-01:2026-07,first_difference,KPSS_ct,0.04327072716747231,0.1,1,"['The test statistic is outside of the range of p-values available in the look-up table. The actual p-value is greater than the p-value returned.', 'kpss currently returns a plain tuple whose length and layout depends on the store argument (and which silently drops `lags` when store=True). In release 0.16 or after July 2027, whichever is later, the default behavior will switch to always returning a KPSSResult. Set result_object=True to switch now, or result_object=False to keep the current behavior and silence this warning.']",
usdtry,2006-01:2026-07,first_difference,PP_ct,-9.985507222527453,2.4763639573944247e-15,16,[],
usdtry,2006-01:2026-07,first_difference,ZA_ct,-12.317633611755683,0.0008164327078039317,1,[],2021-09
tr_reer,2006-01:2026-07,level,ADF_c,-1.2445016786237937,0.6541654272780627,2,"['adfuller currently returns a plain tuple whose length depends on the store and autolag arguments. In release 0.16 or after July 2027, whichever is later, the default behavior will switch to always returning an ADFullerResult. Set result_object=True to switch now, or result_object=False to keep the current behavior and silence this warning.']",
tr_reer,2006-01:2026-07,level,KPSS_c,2.0573640168060576,0.01,10,"['The test statistic is outside of the range of p-values available in the look-up table. The actual p-value is smaller than the p-value returned.', 'kpss currently returns a plain tuple whose length and layout depends on the store argument (and which silently drops `lags` when store=True). In release 0.16 or after July 2027, whichever is later, the default behavior will switch to always returning a KPSSResult. Set result_object=True to switch now, or result_object=False to keep the current behavior and silence this warning.']",
tr_reer,2006-01:2026-07,level,PP_c,-1.1831312608610487,0.6808098003663141,16,[],
tr_reer,2006-01:2026-07,level,ZA_c,-3.0155361981680135,0.9072385524537051,2,[],2017-09
tr_reer,2006-01:2026-07,level,ADF_ct,-1.8990015239676064,0.6551863935210565,2,"['adfuller currently returns a plain tuple whose length depends on the store and autolag arguments. In release 0.16 or after July 2027, whichever is later, the default behavior will switch to always returning an ADFullerResult. Set result_object=True to switch now, or result_object=False to keep the current behavior and silence this warning.']",
tr_reer,2006-01:2026-07,level,KPSS_ct,0.25026563534040613,0.01,9,"['The test statistic is outside of the range of p-values available in the look-up table. The actual p-value is smaller than the p-value returned.', 'kpss currently returns a plain tuple whose length and layout depends on the store argument (and which silently drops `lags` when store=True). In release 0.16 or after July 2027, whichever is later, the default behavior will switch to always returning a KPSSResult. Set result_object=True to switch now, or result_object=False to keep the current behavior and silence this warning.']",
tr_reer,2006-01:2026-07,level,PP_ct,-1.8901529714097194,0.6597564074813067,16,[],
tr_reer,2006-01:2026-07,level,ZA_ct,-3.6740162956824256,0.7150615111543531,2,[],2021-02
tr_reer,2006-01:2026-07,first_difference,ADF_c,-12.767121493153454,7.913735051240015e-24,1,"['adfuller currently returns a plain tuple whose length depends on the store and autolag arguments. In release 0.16 or after July 2027, whichever is later, the default behavior will switch to always returning an ADFullerResult. Set result_object=True to switch now, or result_object=False to keep the current behavior and silence this warning.']",
tr_reer,2006-01:2026-07,first_difference,KPSS_c,0.1103446235804415,0.1,7,"['The test statistic is outside of the range of p-values available in the look-up table. The actual p-value is greater than the p-value returned.', 'kpss currently returns a plain tuple whose length and layout depends on the store argument (and which silently drops `lags` when store=True). In release 0.16 or after July 2027, whichever is later, the default behavior will switch to always returning a KPSSResult. Set result_object=True to switch now, or result_object=False to keep the current behavior and silence this warning.']",
tr_reer,2006-01:2026-07,first_difference,PP_c,-11.290694332161753,1.3822030907133532e-20,16,[],
tr_reer,2006-01:2026-07,first_difference,ZA_c,-13.250928995743111,1e-05,1,[],2021-12
tr_reer,2006-01:2026-07,first_difference,ADF_ct,-12.755020226761848,2.8656489300084886e-20,1,"['adfuller currently returns a plain tuple whose length depends on the store and autolag arguments. In release 0.16 or after July 2027, whichever is later, the default behavior will switch to always returning an ADFullerResult. Set result_object=True to switch now, or result_object=False to keep the current behavior and silence this warning.']",
tr_reer,2006-01:2026-07,first_difference,KPSS_ct,0.1006148311750359,0.1,7,"['The test statistic is outside of the range of p-values available in the look-up table. The actual p-value is greater than the p-value returned.', 'kpss currently returns a plain tuple whose length and layout depends on the store argument (and which silently drops `lags` when store=True). In release 0.16 or after July 2027, whichever is later, the default behavior will switch to always returning a KPSSResult. Set result_object=True to switch now, or result_object=False to keep the current behavior and silence this warning.']",
tr_reer,2006-01:2026-07,first_difference,PP_ct,-11.270462176775073,6.96677286828916e-18,16,[],
tr_reer,2006-01:2026-07,first_difference,ZA_ct,-13.188356433462856,0.0007892799848952882,1,[],2021-12
tr_cpi,2011-01:2026-07,log_level,ADF_c,2.3618928436237803,0.9989912327112,3,"['adfuller currently returns a plain tuple whose length depends on the store and autolag arguments. In release 0.16 or after July 2027, whichever is later, the default behavior will switch to always returning an ADFullerResult. Set result_object=True to switch now, or result_object=False to keep the current behavior and silence this warning.']",
tr_cpi,2011-01:2026-07,log_level,KPSS_c,1.7756970447259115,0.01,9,"['The test statistic is outside of the range of p-values available in the look-up table. The actual p-value is smaller than the p-value returned.', 'kpss currently returns a plain tuple whose length and layout depends on the store argument (and which silently drops `lags` when store=True). In release 0.16 or after July 2027, whichever is later, the default behavior will switch to always returning a KPSSResult. Set result_object=True to switch now, or result_object=False to keep the current behavior and silence this warning.']",
tr_cpi,2011-01:2026-07,log_level,PP_c,3.5192704957286756,1.0,15,[],
tr_cpi,2011-01:2026-07,log_level,ZA_c,-5.372032736089495,0.006697443319930905,1,[],2021-11
tr_cpi,2011-01:2026-07,log_level,ADF_ct,-0.4208600296355079,0.9862338883724506,1,"['adfuller currently returns a plain tuple whose length depends on the store and autolag arguments. In release 0.16 or after July 2027, whichever is later, the default behavior will switch to always returning an ADFullerResult. Set result_object=True to switch now, or result_object=False to keep the current behavior and silence this warning.']",
tr_cpi,2011-01:2026-07,log_level,KPSS_ct,0.4682021770374372,0.01,9,"['The test statistic is outside of the range of p-values available in the look-up table. The actual p-value is smaller than the p-value returned.', 'kpss currently returns a plain tuple whose length and layout depends on the store argument (and which silently drops `lags` when store=True). In release 0.16 or after July 2027, whichever is later, the default behavior will switch to always returning a KPSSResult. Set result_object=True to switch now, or result_object=False to keep the current behavior and silence this warning.']",
tr_cpi,2011-01:2026-07,log_level,PP_ct,-0.3770855570276216,0.9875475014671362,15,[],
tr_cpi,2011-01:2026-07,log_level,ZA_ct,-3.5480513061871113,0.7876154018431134,1,[],2018-09
tr_cpi,2011-01:2026-07,first_difference,ADF_c,-4.023182269144338,0.0012938702112778946,2,"['adfuller currently returns a plain tuple whose length depends on the store and autolag arguments. In release 0.16 or after July 2027, whichever is later, the default behavior will switch to always returning an ADFullerResult. Set result_object=True to switch now, or result_object=False to keep the current behavior and silence this warning.']",
tr_cpi,2011-01:2026-07,first_difference,KPSS_c,1.216021499064813,0.01,8,"['The test statistic is outside of the range of p-values available in the look-up table. The actual p-value is smaller than the p-value returned.', 'kpss currently returns a plain tuple whose length and layout depends on the store argument (and which silently drops `lags` when store=True). In release 0.16 or after July 2027, whichever is later, the default behavior will switch to always returning a KPSSResult. Set result_object=True to switch now, or result_object=False to keep the current behavior and silence this warning.']",
tr_cpi,2011-01:2026-07,first_difference,PP_c,-7.700204862625721,1.3456247759074895e-11,15,[],
tr_cpi,2011-01:2026-07,first_difference,ZA_c,-8.84677694892436,1e-05,0,[],2021-09
tr_cpi,2011-01:2026-07,first_difference,ADF_ct,-7.739472930016723,2.8585539297107474e-10,0,"['adfuller currently returns a plain tuple whose length depends on the store and autolag arguments. In release 0.16 or after July 2027, whichever is later, the default behavior will switch to always returning an ADFullerResult. Set result_object=True to switch now, or result_object=False to keep the current behavior and silence this warning.']",
tr_cpi,2011-01:2026-07,first_difference,KPSS_ct,0.13706277300497277,0.06655042036116152,6,"['kpss currently returns a plain tuple whose length and layout depends on the store argument (and which silently drops `lags` when store=True). In release 0.16 or after July 2027, whichever is later, the default behavior will switch to always returning a KPSSResult. Set result_object=True to switch now, or result_object=False to keep the current behavior and silence this warning.']",
tr_cpi,2011-01:2026-07,first_difference,PP_ct,-8.283554101714097,1.5809552494948542e-11,15,[],
tr_cpi,2011-01:2026-07,first_difference,ZA_ct,-10.245088357787848,0.0008810632028290619,0,[],2021-10
