model,year,mean_inflation,mean_policy_contribution,lo90,lo68,hi68,hi90
EA_baseline,2004,0.17394735812116835,0.0,0.0,0.0,0.0,0.0
EA_baseline,2005,0.18915682517520338,0.004913342692749042,-0.018344356318058596,-0.007161063667511798,0.020306182415029968,0.030815397708556333
EA_baseline,2006,0.16036893805749722,-0.010256479362116424,-0.05743011361709229,-0.03545433557620035,0.019451060871988283,0.04206134149372712
EA_baseline,2007,0.25822125570285454,0.012769847026312226,-0.0851524823122319,-0.035761866260698466,0.049506692874221284,0.08677504886629323
EA_baseline,2008,0.13850734363366732,0.006333453565013002,-0.10946618211464686,-0.053818030751133,0.029462631056051607,0.06983204712700773
EA_baseline,2009,0.07712858311800612,0.016632656978795683,-0.10404797029548692,-0.05241559387750474,0.043121793034874734,0.08115438132550169
EA_baseline,2010,0.1840678551149845,0.004375441615642438,-0.09376814087123407,-0.061939395885001455,0.03793335127412553,0.0629887340714912
EA_baseline,2011,0.22561819852230278,0.006196082038502938,-0.0965037980057003,-0.05114328567891675,0.03631016382084642,0.06038089188717382
EA_baseline,2012,0.18400011534881835,-0.022793228028209905,-0.1291735437804516,-0.07982450329756476,0.024823265673183378,0.06338209855327626
EA_baseline,2013,0.06904030859947359,-0.02267727015144234,-0.11939299781420401,-0.06442359132390908,0.04845027999918322,0.09398169222598073
EA_baseline,2014,-0.013977596120488064,-0.003044307461561394,-0.07563306387601132,-0.03391452169060479,0.05447570738047127,0.10833040721363488
EA_baseline,2015,0.019347358103649032,0.0017709502072567375,-0.07346608307698743,-0.03694309699247451,0.056190632356774295,0.10448339021559014
EA_baseline,2016,0.09076050165517795,0.007424151446272881,-0.07277008691443583,-0.03136602891032911,0.05252104793633568,0.09226213521869454
EA_baseline,2017,0.1107681350744798,-0.010754316149875043,-0.09834612833553104,-0.05540039482534514,0.04926651947640719,0.09875467561630727
EA_baseline,2018,0.12687960897063513,-0.016996820839820476,-0.09216892804300618,-0.04913421170069441,0.05441468994849478,0.12062861319407489
EA_baseline,2019,0.11072997563714655,-0.003808332121224061,-0.06504862036845792,-0.03241348989916738,0.05941925511520689,0.11476958052982654
EA_baseline,2020,-0.023458392171193054,0.003829908890052381,-0.07993035872548923,-0.03451839441832515,0.05935835745576297,0.10069599397133604
EA_baseline,2021,0.4056605562209607,0.020858598262220415,-0.08833917784917017,-0.031152401756346614,0.0704798619602202,0.12044090925284572
EA_baseline,2022,0.7378130665161677,0.001246518744114929,-0.0953742946944171,-0.051369988233621426,0.04733749820985949,0.08772882230234968
EA_baseline,2023,0.2413338419409096,0.012765766831004652,-0.10735215405570113,-0.04583903105248105,0.058292843840945026,0.11082503918177311
EA_baseline,2024,0.1999890871590111,0.0004080553824504322,-0.1145221203027864,-0.05878368830985667,0.04720496438318442,0.08424368997666587
EA_baseline,2025,0.16306776903405287,-0.016867639854178374,-0.11988946117200354,-0.07144922447982753,0.05025396573300421,0.11405492970856822
EA_baseline,2026,0.36718296994143884,-0.023459244585610082,-0.1341541402808084,-0.07691724046992703,0.06479265662845371,0.12576702181331303
TR_baseline,2011,0.8281349113958262,0.0032745605576911725,-0.019016219236900445,-0.007572470342757907,0.024378764821055273,0.045713457997734866
TR_baseline,2012,0.4984419547718086,-0.0033823865939688383,-0.16831593796473265,-0.08727096767284805,0.11377836463655254,0.213415641008469
TR_baseline,2013,0.594952297715075,0.014474515606522206,-0.2615148704196419,-0.11339229225742513,0.24902288774858558,0.37325158947327025
TR_baseline,2014,0.6544450397397436,-0.035343446868716814,-0.4734649314395343,-0.26003608150347945,0.20541768511643455,0.38720440963673003
TR_baseline,2015,0.7034810560187216,-0.07306974168020995,-0.5082692374528893,-0.28895167385205633,0.25000886936321864,0.48921339609905357
TR_baseline,2016,0.6823717238774426,-0.17131422064554125,-0.7459645121924547,-0.4035822594119612,0.1489057711939004,0.44904869055201124
TR_baseline,2017,0.9384316596282029,-0.024946180979505586,-0.7428945949502033,-0.3117721426847768,0.4238617032126095,0.7959631999323836
TR_baseline,2018,1.5402757139789927,0.004351371472823502,-0.9704684389712563,-0.44462367878621073,0.40178836134471135,0.8577742426121581
TR_baseline,2019,0.9322012575362422,-0.11982478421306197,-1.0757868501060277,-0.5539787284609962,0.4457755888257151,1.1028683794978666
TR_baseline,2020,1.1355972998837842,-0.09648819330344455,-1.1204026259014197,-0.5822086045046357,0.5614949525859573,1.3090615183716159
TR_baseline,2021,2.5673282346793087,0.22955593456931891,-1.075938092832894,-0.31473859467229987,1.0276072932168674,2.0106899331037456
TR_baseline,2022,4.136156495929588,-0.30788522959810555,-2.0983414035147314,-1.0466476761847785,0.6824534023798335,1.796954666517517
TR_baseline,2023,4.161650742031616,0.1255817942415589,-1.8062686900410256,-0.6658351102678116,1.1848247157014793,2.600657270670906
TR_baseline,2024,3.0605834780357952,0.024097355200364406,-2.3259383637956077,-0.8662545684630719,1.339168527087203,2.6317724062488006
TR_baseline,2025,2.2433739833310256,-0.35533761101170974,-2.7822519888975696,-1.3606094959313775,1.0625768953453345,3.1034196567187964
TR_baseline,2026,2.5879373811027335,0.08989766315034219,-3.2258091541008027,-1.1294344107083194,1.5498497953279504,3.9639240127191187
