model,selected_variable,policy_column,v2_p,v3_p
EA_baseline,policy,4,0.004668180667348146,0.004668180667348146
TR_baseline,policy,5,0.4195211218095989,0.4195211218095989
TR_announced,policy,5,0.25350347051104116,0.25350347051104116
EA_overnight_long,policy,4,0.25429821066184033,0.25429821066184033
EA_bundesbank_long,policy,4,0.014921068021372651,0.014921068021372651
EA_overnight_common,policy,4,0.2177673067604585,0.2177673067604585
EA_core,policy,4,0.054540807723432436,0.054540807723432436
TR_core_b,policy,5,0.01747887006517702,0.01747887006517702
TR_core_c,policy,5,0.011077692526782422,0.011077692526782422
EA_growth,policy,4,0.007581867606761234,0.007581867606761234
TR_growth,policy,5,0.4202056345789224,0.4202056345789224
TR_levels_comparison,policy,5,0.08671565690798087,0.08671565690798087
EA_BIC,policy,4,0.7263637445958961,0.7263637445958961
TR_BIC,policy,5,0.06448485093668044,0.06448485093668044
TR_FX_first,policy,6,1.1589592518312532e-08,0.41952112180930756
TR_easing_dummy,policy,5,0.40900597555728824,0.40900597555728824
